player_id,player_name,age_2024_2025,age_2025_2026,team_2024_2025,team_2025_2026,position_2024_2025,position_2025_2026,minutes_2024_2025,minutes_2025_2026,minutes_change,overall_score_2024_2025,overall_score_2025_2026,overall_score_change,age_potential_score_change,attacking_score_change,creative_score_change,defensive_score_change,dribbling_score_change,passing_score_change,duel_defending_score_change,progressive_midfielder_score_change,passer_defender_score_change,underrated_score_change,changed_team,same_position,minutes_increased,young_player,improved_overall,improved_specialist_score
129013,Marko Livaja,32,32.0,Hajduk Split,Hajduk Split,Attacker,Attacker,3097.0,1744.0,-1353.0,56.56885688568857,50.72545022086305,-5.843406664825515,-8.705791985926439,-10.011223344556683,5.2637485970819355,-0.7631874298540886,9.000968904229879,4.967753656099553,-6.568262330820236,7.803030303030312,6.512345679012348,-9.69762153287958,False,True,False,False,False,True
1193792,Martin Zlomislic,27,27.0,Rijeka,Rijeka,Goalkeeper,Goalkeeper,3054.0,2970.0,-84.0,62.8889674681754,55.97679438747976,-6.912173080695645,-6.998102774582449,-0.6302521008403374,13.095238095238095,-34.38375350140055,1.3549520089623641,-0.7898083386320245,-2.9964120265237497,-13.497899159663866,-19.292717086834728,-8.174758670038472,False,True,False,False,False,True
73932,Fran Karacic,30,30.0,Lokomotiva Zagreb,Hajduk Split,Defender,Defender,3030.0,908.0,-2122.0,52.98679867986799,57.44573730140971,4.458938621541719,-1.2571118825912606,1.1630532971996246,-12.8613369467028,18.066847335140025,-2.5418596905562154,-5.916977018802804,1.823280951948405,-18.512872628726285,2.5844060523938595,0.6811229077327283,True,True,False,False,True,True
26336984,Niko Jankovic,24,24.0,Rijeka,Rijeka,Midfielder,Midfielder,2995.0,909.0,-2086.0,45.64356435643565,42.72759350741002,-2.9159708490256264,-8.55572014505615,-44.94325346784362,18.041193778898702,21.773854560739803,11.735852484330998,20.841129984558087,11.779680261604135,19.609079445145014,21.618327028163094,-2.0977712145159444,False,True,False,False,False,True
52801,Dario Maresic,26,26.0,Istra 1961,Istra 1961,Defender,Defender,2911.0,1798.0,-1113.0,61.679042904290434,59.97314835533676,-1.7058945489536725,-4.220564364559081,-15.977868112014448,21.262420957542908,-2.4051490514905254,-36.73660944076058,-3.6497411209010835,-2.1087292215459854,-8.494241192411927,-4.5985772357723675,-1.8652765324722083,False,True,False,False,False,False
16488582,Ville Koski,24,24.0,Istra 1961,Istra 1961,Defender,Defender,2881.0,1506.0,-1375.0,46.84268426842685,46.92045200268517,0.07776773425831607,-3.3147293136116076,-0.07904245709125135,2.2922312556458877,2.6422764227642404,24.99545826142247,-0.28431283495321225,-1.1772186392951198,-12.931910569105685,2.65074525745257,0.45767858013202556,False,True,False,False,True,True
73710,Marko Malenica,32,32.0,Osijek,Osijek,Goalkeeper,Goalkeeper,2880.0,2700.0,-180.0,60.7001414427157,58.1354560172693,-2.564685425446399,-2.722011249771967,-0.6302521008403374,19.537815126050432,-26.400560224089652,-0.27855996608835154,3.650649468616596,1.8109047143246393,3.308823529411761,-2.1708683473389456,0.22206755488291208,False,True,False,False,False,True
73640,Oliver Zelenika,33,33.0,Varaždin,Varaždin,Goalkeeper,Goalkeeper,2880.0,2880.0,0.0,66.23762376237623,46.24392876416622,-19.99369499821001,-19.967534584003452,-0.6302521008403374,-40.126050420168056,-24.439775910364133,33.593726345111584,-11.360704877827235,1.8272549732037469,13.655462184873954,-30.15581232492997,-29.967636322462674,False,True,False,False,False,True
183535,Dejan Petrovic,28,28.0,Rijeka,Rijeka,Midfielder,Midfielder,2878.0,1396.0,-1482.0,44.82226911215712,42.51799576570218,-2.3042733464549414,-5.758538038979232,2.8247162673392125,7.007145859604876,-2.2782681799075277,-2.1262906107124486,4.232446180397858,-2.3233263693341826,-8.266078184110974,1.1196931483816712,-1.4860737119452665,False,True,False,False,False,True
34481476,Roko Jurisic,24,24.0,Osijek,Osijek,Defender,Defender,2864.0,1229.0,-1635.0,60.89040154015401,59.26493622734392,-1.6254653128100927,-5.810768246773208,-31.882339656729904,26.479223125564594,7.780036133694665,8.720895025282346,-10.872467980743039,4.487010627668255,-1.8292682926829258,4.597165763324298,1.6308977238373785,False,True,False,False,False,True
74322,Frane Maglica,29,29.0,Varaždin,Varaždin,Defender,Defender,2827.0,1955.0,-872.0,53.94114411441145,46.02875363616021,-7.91239047825124,-9.672768350900895,-26.321138211382113,-2.913279132791331,6.967028003613365,-12.084052441941445,-3.1651376146789048,1.5998274139340438,-0.9654471544715477,1.789747064137309,-11.738091978521517,False,True,False,False,False,True
73090,Tomislav Bozic,38,38.0,Slaven Koprivnica,Slaven Koprivnica,Defender,Defender,2814.0,2320.0,-494.0,62.03520352035203,55.67968225553816,-6.355521264813866,-7.305652975232633,-17.53613369467027,-9.835140018066845,-6.074977416440838,14.528264753080817,-1.1554182941229811,-3.691752202743217,1.5667344173441649,-4.007170280036135,-9.275878433539717,False,True,False,False,False,True
73972,Ante Majstorovic,32,32.0,Rijeka,Rijeka,Defender,Defender,2759.0,2679.0,-80.0,47.76952695269527,57.02058626090848,9.251059308213208,9.340077384332751,8.197831978319769,6.673441734417324,20.652664859981932,0.8508190268568185,10.87473885003179,8.316831683168317,10.340447154471555,16.898148148148145,14.177235384247119,False,True,False,False,True,True
37540937,Mateo Lisica,22,22.0,Istra 1961,Dinamo Zagreb,Attacker,Attacker,2702.0,1387.0,-1315.0,56.99234923492349,68.76656472986747,11.77421549494398,8.68219987136328,-5.274971941638611,38.15937149270484,11.088664421997748,-14.645592999666945,25.049504950495056,14.53776455627214,17.735690235690235,24.812008978675642,10.072752193672173,True,True,False,True,True,True
5270359,Silvio Gorican,26,26.0,Lokomotiva Zagreb,Lokomotiva Zagreb,Attacker,Attacker,2700.0,78.0,-2622.0,49.31233123312332,,,,,,,,,,,,,False,True,False,False,False,False
75000,Antonio Borsic,30,30.0,Varaždin,Varaždin,Defender,Defender,2680.0,2330.0,-350.0,37.31573157315732,51.20608637279033,13.890354799633009,13.372959940881081,54.686088527551945,0.9485094850948528,-1.7502258355916922,1.2959094074545163,-5.671723135616311,0.9199291488781967,8.934620596205953,-4.067863595302619,13.259233639090283,False,True,False,False,True,True
1872745,Mladen Devetak,27,27.0,Rijeka,Rijeka,Defender,Defender,2657.0,2376.0,-281.0,37.204345434543455,43.03871112105616,5.8343656865127045,5.576758274395345,15.898825654923215,27.190605239385725,-15.9327009936766,4.343415992975448,2.453447179580337,-11.091833954037604,-2.0918021680216796,-5.425700090334235,6.652565321022394,False,True,False,False,True,True
37543226,Toni Fruk,25,25.0,Rijeka,Rijeka,Midfielder,Midfielder,2645.0,2131.0,-514.0,48.90034085375751,60.7212420606916,11.820901206934089,10.979044544203596,3.7158469945354824,-1.6645649432534668,27.36443883984868,2.519150997668561,3.894995004087555,13.05772549732037,-4.047919293820939,15.627364438839855,18.597405182859546,False,True,False,False,True,True
37544959,Moris Valincic,23,23.0,Istra 1961,Dinamo Zagreb,Defender,Defender,2619.0,1967.0,-652.0,68.22469746974699,47.000447527411055,-21.22424994233593,-22.39347512173459,-22.831978319783197,-12.003161698283655,-40.56007226738935,-9.6201592636328,-0.8315923335452879,-20.41375238441276,-5.784214092140914,-21.630815266485996,-31.150172092684713,True,True,False,True,False,False
54693,Robert Mudrazija,29,29.0,Lokomotiva Zagreb,Dinamo Zagreb,Midfielder,Midfielder,2600.0,51.0,-2549.0,53.26894984580424,,,,,,,,,,,,,True,True,False,False,False,False
133342,Lamine Ba,28,28.0,Varaždin,Varaždin,Defender,Defender,2590.0,1311.0,-1279.0,55.15401540154016,46.77612441262027,-8.377890988919887,-11.55965136679253,-14.588979223125563,-9.11246612466126,-4.866757000903341,11.679080752111915,-3.8731946589154234,0.05586338450357431,7.452574525745256,-5.973351400180675,-12.810028132754518,False,True,False,False,False,True
23707307,Luka Jelenic,26,26.0,Osijek,Osijek,Defender,Defender,2532.0,2363.0,-169.0,71.75673817381738,65.92805996867308,-5.8286782051443,-5.885359102591835,17.745031616982857,-12.262872628726278,-24.243450767840997,-34.971387046961574,0.3283676991552369,-12.21387046961577,-16.84451219512195,-11.64323622402889,-4.673921614663925,False,True,False,False,False,True
37356247,Ognjen Bakic,23,23.0,Šibenik,Gorica,Midfielder,Midfielder,2487.0,1110.0,-1377.0,35.777471189741924,40.42907551164432,4.651604321902397,0.8209203360726178,37.62084909625893,1.7108028583438468,-12.862547288776796,12.657068459139502,0.06540103551640186,-6.792170042692348,15.520176544766706,-8.155737704918032,3.1080183434247886,True,True,False,True,True,True
73867,Dominik Kovacic,32,32.0,Slaven Koprivnica,Slaven Koprivnica,Defender,Defender,2484.0,2968.0,484.0,62.18921892189218,56.37726560751846,-5.811953314373717,-4.685602147146909,-34.66576332429992,5.216802168021687,9.710930442637768,3.926333000272514,9.477700063584336,-1.071169043509883,16.3109756097561,11.965051942186093,-8.460526507879486,False,True,True,False,False,True
73704,Alen Grgic,31,31.0,Slaven Koprivnica,Slaven Koprivnica,Attacker,Attacker,2478.0,463.0,-2015.0,61.9018901890189,47.923037716615696,-13.978852472403204,-20.48262211542255,-22.609427609427605,-33.73737373737374,-6.767676767676768,2.80300965876404,-8.067036061404295,-3.1907984376419236,-9.81481481481481,-10.096801346801357,-19.275314859989876,False,True,False,False,False,True
462000,Merveil Ndockyt,27,27.0,Gorica,Rijeka,Midfielder,Midfielder,2423.0,912.0,-1511.0,34.5382243142347,53.4015525758645,18.863328261629803,14.646414827167085,41.15594787725936,-22.46742328709541,26.960907944514503,-0.21043388742543812,-2.121900263420841,19.710237078753735,-13.8997477931904,12.6923076923077,19.17932185097633,True,True,False,False,True,True
74197,Antonio Bosec,28,28.0,Slaven Koprivnica,Vukovar,Defender,Defender,2380.0,640.0,-1740.0,39.652090209020905,21.180912955918544,-18.47117725310236,-23.763392713180487,-2.856820234869023,-36.336946702800375,-12.35320686540199,-18.8875768310776,-19.895540012716857,-7.927831774003089,-28.49762872628726,-14.365966576332433,-14.850802963750226,True,True,False,False,False,False
12393223,Mateo Les,26,26.0,Gorica,Gorica,Defender,Defender,2360.0,1639.0,-721.0,56.72167216721671,39.73763705526963,-16.98403511194708,-18.43702811766967,-3.3197831978319883,-18.95889792231256,-23.227190605239382,-21.809428649286943,-10.251612317195018,-11.692478880915601,-25.152439024390233,-17.00824299909666,-24.866895317135544,False,True,False,False,False,False
37324970,Marko Soldo,22,22.0,Osijek,Dinamo Zagreb,Midfielder,Midfielder,2357.0,689.0,-1668.0,62.8014932640805,82.19124911785461,19.389755853774112,14.416733780924616,7.86464901219,36.48591845313157,22.967633459436748,-9.044115420716395,20.40693977654646,4.801071850304304,-1.9041614123581212,31.59100462379152,23.408964317914624,True,True,False,True,True,True
74023,Leonard Žuta,33,33.0,Šibenik,Slaven Koprivnica,Defender,Defender,2339.0,1394.0,-945.0,47.72552255225522,50.431304542403225,2.7057819901480045,0.5613547033826265,11.653116531165324,-9.55284552845528,6.4814814814814845,7.957125987828142,-5.508220546825328,1.6525115814333802,14.69342818428185,0.6323396567299042,-0.9399858084843231,True,True,False,False,True,True
496680,Arnel Jakupovic,28,28.0,Osijek,Osijek,Attacker,Attacker,2315.0,2179.0,-136.0,42.64446444644464,37.90180088345225,-4.742663562992384,-4.682349274682821,-45.533108866442205,2.255892255892249,22.44668911335578,23.52999061374028,-6.536924334635298,13.13221000999183,-8.190235690235685,13.95061728395062,-3.1475216400072483,False,True,False,False,False,True
96854,Ronaël Pierre-Gabriel,28,28.0,Dinamo Zagreb,Dinamo Zagreb,Defender,Defender,2288.0,24.0,-2264.0,63.02255225522551,,,,,,,,,,,,,False,True,False,False,False,False
74274,Mario Marina,36,36.0,Varaždin,Varaždin,Midfielder,Midfielder,2277.0,1572.0,-705.0,43.99853919818211,52.98870853916725,8.99016934098514,7.551709898710641,18.734762505254313,-16.965111391340898,13.00546448087431,12.47615587246797,-12.191843037514765,11.949087110545932,-6.0025220680958356,-3.4216057166876794,9.25035926363087,False,True,False,False,True,True
37528365,Nail Omerovic,23,23.0,Osijek,Osijek,Attacker,Attacker,2264.0,2694.0,430.0,57.936993699369935,59.99830105334692,2.0613073539769857,3.4910466581826327,14.051627384960717,-0.5723905723905602,-13.490460157126826,-2.915796166772637,6.066854391861206,-15.651285312017439,-8.73737373737373,0.3801907968574625,7.16105672401801,False,True,True,True,True,True
73585,Denis Kolinger,32,32.0,Lokomotiva Zagreb,Lokomotiva Zagreb,Defender,Defender,2262.0,2693.0,431.0,54.17354235423542,52.169948534347725,-2.0035938198876977,-0.5709478029924284,-10.727190605239386,-4.900632339656738,8.254290876242095,-6.394010960729098,4.172041057316747,3.4569443182850392,0.10162601626015544,4.216068202348673,-2.3402210893830215,False,True,True,False,False,True
73871,Filip Krovinovic,30,30.0,Hajduk Split,Hajduk Split,Midfielder,Midfielder,2240.0,2140.0,-100.0,63.43775361142672,56.15808045165844,-7.279673159768279,-7.0551296044953205,-4.321143337536789,3.362757461118129,-23.48886086591005,13.161958397674631,17.17049686620038,-11.855754382777718,11.45018915510719,-5.842791088692721,-14.568336390691421,False,True,False,False,False,True
73519,Josip Misic,32,32.0,Dinamo Zagreb,Dinamo Zagreb,Midfielder,Midfielder,2168.0,2658.0,490.0,53.55542931342314,66.19901199717712,12.643582683753984,14.045344878322062,26.002522068095846,2.3371164354770997,20.613703236654047,12.792563660035732,4.766100463257345,4.4152511581433345,11.23581336696089,12.233081126523757,13.96809104907404,False,True,True,False,True,True
74071,Ivan Nevistic,27,27.0,Dinamo Zagreb,Dinamo Zagreb,Goalkeeper,Goalkeeper,2160.0,1170.0,-990.0,58.55728429985855,56.37075013491634,-2.186534164942209,-4.891957000803785,-0.6302521008403374,-2.4509803921568647,-3.15126050420168,33.33636115905169,-11.699518575710783,0.31076846216731724,18.69747899159664,-1.6018907563025238,-2.186534164942209,False,True,False,False,False,True
62670,Ljuban Crepulja,32,32.0,Slaven Koprivnica,Slaven Koprivnica,Midfielder,Midfielder,2154.0,1841.0,-313.0,58.47021587404642,74.53211009174312,16.061894217696704,15.708001947735752,33.74947456914669,17.242538881883164,4.800336275746126,21.774608653525906,7.58197838132439,2.1082750476882595,19.95586380832284,6.507986548970166,24.350244790226128,False,True,False,False,True,True
2890,Kévin Théophile-Catherine,36,36.0,Dinamo Zagreb,Dinamo Zagreb,Defender,Defender,2145.0,194.0,-1951.0,60.55830583058306,,,,,,,,,,,,,False,True,False,False,False,False
74849,Ivan Bozic,29,29.0,Šibenik,Slaven Koprivnica,Attacker,Attacker,2058.0,330.0,-1728.0,23.392439243924382,,,,,,,,,,,,,True,True,False,False,False,False
68104,Advan Kadusic,28,28.0,Istra 1961,Istra 1961,Defender,Defender,2052.0,2046.0,-6.0,36.27475247524752,56.90199149697919,20.627239021731675,20.911733526227984,25.925925925925938,-7.509033423667574,45.912375790424576,11.243830805098867,4.831501498773733,36.302343537106,9.569783197831974,27.347278681120144,25.101456807591887,False,True,False,False,True,True
37596430,Simun Hrgovic,22,22.0,Hajduk Split,Hajduk Split,Defender,Defender,2033.0,2238.0,205.0,48.32508250825082,40.16558514208995,-8.15949736616087,-7.358334681085026,-9.902890695573621,-1.8405600722673867,-15.966576332429991,2.1951736458049496,12.293123807793613,-5.833409028976291,-1.371951219512198,-6.818823396567296,-8.52152054009106,False,True,True,True,False,True
46031,Marcel Heister,33,33.0,Istra 1961,Istra 1961,Defender,Defender,2004.0,2107.0,103.0,51.83305830583058,62.07708659655404,10.244028290723456,10.79121695454397,24.66124661246613,-3.2633242999096623,12.262872628726285,-3.910436915251161,-5.131256244890537,2.6889363248251357,-10.179539295392956,3.997289972899729,16.059607727043485,False,True,True,False,True,True
37582792,Luka Mamic,23,23.0,Varaždin,Varaždin,Midfielder,Midfielder,2003.0,2103.0,100.0,50.15094952118163,44.98306280875088,-5.16788671243075,-4.617791335920614,19.831862126944074,-25.14501891551072,-11.021437578814623,-12.366397190177729,-14.319193387228623,-5.957171405213927,-25.31525851197982,-13.7452711223203,-7.098490916086114,False,True,True,True,False,False
4536487,Tiago Dantas,25,25.0,Osijek,Rijeka,Midfielder,Midfielder,1996.0,2487.0,491.0,45.61191365038143,61.97953422724064,16.36762057685921,17.801356611013084,35.09037410676754,-0.4960067255149312,11.601513240857503,-16.16858933599782,-1.0259787446634476,14.03215550912889,3.631778058007569,3.6160151324085774,23.773270636059188,True,True,True,False,True,True
37742,Stefan Peric,29,29.0,Šibenik,Gorica,Defender,Defender,1982.0,2359.0,377.0,51.94788228822882,40.63604833296039,-11.311833955268426,-10.058677446957049,-40.622177055103876,9.789972899728994,-8.06233062330623,3.765858237199865,-12.876737215005896,1.9677082387137688,-17.293360433604327,-7.223915989159892,-16.14373437778751,True,True,True,False,False,True
540173,Sandro Kulenovic,26,26.0,Dinamo Zagreb,Dinamo Zagreb,Attacker,Attacker,1910.0,505.0,-1405.0,60.65436543654366,59.35100237852531,-1.3033630580183484,-6.227879362859838,1.7957351290684898,10.852974186307527,13.063973063973059,2.040754534169025,-2.603778726496504,-0.6231265328367641,3.2407407407407405,13.303872053872048,-1.3033630580183484,False,True,False,False,False,True
47589,Stjepan Radeljic,28,28.0,Rijeka,Rijeka,Defender,Defender,1901.0,1977.0,76.0,62.11496149614962,68.25016782277913,6.135206326629515,6.6631380188813125,1.8631436314363015,6.967028003613365,21.635049683830182,23.143942834650446,-2.7277681896629957,8.155372876737218,2.0918021680216796,12.12595980126467,11.396310440949236,False,True,True,False,True,True
21404328,Antonio Đaković,25,25.0,Šibenik,Vukovar,Goalkeeper,Goalkeeper,1890.0,540.0,-1350.0,53.51131541725601,49.90016189962223,-3.611153517633774,-8.215023078901822,-0.6302521008403374,-11.134453781512605,-13.65546218487394,-31.04656795954826,-5.588155145789809,5.758016168589332,-33.61344537815125,-15.835084033613441,-3.1795045436908183,True,True,False,False,False,True
73844,Marko Dabro,29,29.0,Varaždin,Slaven Koprivnica,Attacker,Attacker,1884.0,149.0,-1735.0,36.68316831683168,,,,,,,,,,,,,True,True,False,False,False,False
37616075,Antonio Mauric,22,22.0,Istra 1961,Istra 1961,Midfielder,Midfielder,1870.0,1825.0,-45.0,55.90326245739328,50.82639378969654,-5.076868667696743,-4.830888106337845,20.781841109709973,-16.52374947456915,-14.392601933585539,3.3518030702152686,-7.123262784994104,-12.079207920792086,-26.20744010088272,-10.216477511559468,-6.921737710586811,False,True,False,True,False,True
19624018,Adrian Liber,25,25.0,Slaven Koprivnica,Slaven Koprivnica,Midfielder,Midfielder,1866.0,521.0,-1345.0,37.49310176919332,40.23500352858151,2.7419017593881847,-1.8517943074662,9.579655317360242,-14.379991593106345,0.22698612862547307,10.964513882580924,-8.133345444636205,-2.865382868562083,3.742118537200504,-2.490542244640608,2.7419017593881847,False,True,False,False,True,True
73913,Ilija Nestorovski,36,36.0,Slaven Koprivnica,Slaven Koprivnica,Attacker,Attacker,1866.0,1767.0,-99.0,50.53240324032403,43.28151546041454,-7.25088777990949,-7.12898751648865,-19.517396184062854,7.289562289562284,-4.276094276094277,-17.621945680806604,2.322645108547551,-2.6486283949495935,4.0404040404040416,1.2015993265993288,-7.25088777990949,False,True,False,False,False,True
37535538,Luka Dajcer,25,25.0,Lokomotiva Zagreb,Lokomotiva Zagreb,Defender,Defender,1845.0,1371.0,-474.0,56.35107260726072,40.709890355784296,-15.641182251476422,-16.780976964892716,-19.303297199638656,8.99954832881663,-29.448961156278223,-14.96351470009386,0.41965664456353124,-16.692819511308926,-6.512533875338747,-13.860659439927723,-19.794319801023917,False,True,False,False,False,True
97414,Ismaël Diallo,29,29.0,Hajduk Split,Hajduk Split,Defender,Defender,1811.0,8.0,-1803.0,50.27640264026402,,,,,,,,,,,,,False,True,False,False,False,False
34398,Roberto Puncec,34,34.0,Šibenik,Varaždin,Defender,Defender,1772.0,1332.0,-440.0,37.49037403740374,37.639292906690535,0.14891886928679554,-1.018852953767066,1.7728093947606105,-2.8342366757000903,15.435862691960246,-20.198625367123867,-6.4410936506494565,10.196884367335798,-11.509146341463413,1.9210140018066824,-2.3197143532908697,True,True,False,False,True,True
72677,Vedran Jugovic,36,36.0,Osijek,Osijek,Midfielder,Midfielder,1766.0,302.0,-1464.0,46.24979711085863,,,,,,,,,,,,,False,True,False,False,False,False
74127,Anthony Kalik,28,28.0,Hajduk Split,Hajduk Split,Midfielder,Midfielder,1742.0,232.0,-1510.0,29.96672618081481,,,,,,,,,,,,,False,True,False,False,False,False
37697289,Salim Fago Lawal,23,23.0,Istra 1961,Istra 1961,Attacker,Attacker,1724.0,1328.0,-396.0,31.334383438343835,51.16377845735644,19.82939501901261,18.743737829440434,16.958473625140286,22.57014590347924,21.18967452300786,19.86405062524601,6.808066127713694,2.1708374965936983,14.755892255892263,12.177328843995507,21.434506285061467,False,True,False,True,True,True
32786881,Tomislav Duvnjak,23,23.0,Varaždin,Varaždin,Midfielder,Midfielder,1692.0,2600.0,908.0,54.77601038792404,49.63902611150317,-5.136984276420868,-2.690985548107669,-14.48087431693989,0.979403110550642,-8.844052122740635,4.65603899839526,2.0828413116541142,-10.27852211826687,18.07377049180328,-4.081546868432113,-9.380118913447447,False,True,True,True,False,True
37600592,Luka Vrbancic,21,21.0,Lokomotiva Zagreb,Osijek,Midfielder,Midfielder,1668.0,1033.0,-635.0,50.053968511605255,41.1894848270995,-8.864483684505757,-10.837596592126793,-62.34972677595628,21.311475409836067,16.561580496006727,-4.547794228964165,-0.6653647016077713,10.069488600236184,3.556116015132403,17.497372845733494,-10.137214473045745,True,True,False,True,False,True
37546618,Raúl Torrente,24,24.0,Dinamo Zagreb,Dinamo Zagreb,Defender,Defender,1650.0,36.0,-1614.0,75.6277502750275,,,,,,,,,,,,,False,True,False,False,False,False
37551107,Leon Belcar,24,24.0,Varaždin,Lokomotiva Zagreb,Midfielder,Midfielder,1624.0,1163.0,-461.0,56.11913650381432,47.24135497529993,-8.87778152851439,-10.349668166719496,-17.44010088272384,2.9550231189575413,-7.1458596048760015,-17.226814424561717,-2.5097647379416728,-4.28172404396404,-5.406683480453971,-10.139764606977721,-11.665743639665124,True,True,False,False,False,False
37694071,Niko Sigur,22,22.0,Hajduk Split,Hajduk Split,Midfielder,Midfielder,1612.0,2224.0,612.0,63.99691608505113,64.60479887085391,0.6078827858027793,2.4049579061588418,-40.403530895334185,23.90500210172342,11.223203026481713,-21.461985648106086,21.108638386774466,11.857343991279848,11.368221941992424,21.152269861286243,-2.8243588153629418,False,True,True,True,True,True
72857,Duje Cop,36,36.0,Rijeka,Rijeka,Attacker,Attacker,1608.0,951.0,-657.0,46.646264626462646,29.81991165477404,-16.826352971688607,-18.989673890936494,-46.655443322109996,-4.410774410774401,10.179573512906842,-5.543191933872283,-5.203015714415482,12.93555272958489,-14.772727272727279,6.6554433221099885,-16.00815333717892,False,True,False,False,False,True
56643,Dario Melnjak,33,33.0,Hajduk Split,Hajduk Split,Defender,Defender,1596.0,907.0,-689.0,56.2953795379538,57.482658312821655,1.1872787748678562,-1.0605184819220455,20.50587172538392,17.570009033423652,-33.06233062330624,-8.979774124201416,13.215550912889462,-6.537719138886359,10.442073170731703,-8.612804878048784,-1.9552648317653407,False,True,False,False,True,True
28912771,Adrion Pajaziti,23,23.0,Gorica,Hajduk Split,Midfielder,Midfielder,1569.0,1970.0,401.0,58.7355948709625,54.38390966831334,-4.351685202649158,-2.8703517482027934,-46.41445985708281,17.431693989071043,29.688944934846585,-10.37408786750234,2.121900263420841,8.679262421655018,2.563051702395967,20.673602353930228,-14.166554003810553,True,True,True,True,False,True
24838185,Ivan Cubelic,23,23.0,Slaven Koprivnica,Slaven Koprivnica,Midfielder,Midfielder,1546.0,2311.0,765.0,50.1428339555267,49.11997177134792,-1.022862184178777,1.1982296497752642,11.996637242538885,-20.306851618327027,-7.507356031946202,20.901080933781444,-18.057952584249243,-6.868017076937065,-4.700504413619164,-12.76061370323665,-1.022862184178777,False,True,True,True,False,True
37563601,Luka Stojkovic,22,22.0,Dinamo Zagreb,Dinamo Zagreb,Midfielder,Midfielder,1542.0,1812.0,270.0,73.00519396201913,64.08821453775582,-8.916979424263317,-7.7909915961227085,-5.035729298024378,5.0693568726355664,-21.00042034468263,-19.26832591516034,-1.094558997184123,-21.73539831047325,-12.269861286254724,-11.934636401849517,-13.447348380150828,False,True,True,True,False,False
37581526,Domagoj Bukvic,22,22.0,Osijek,Osijek,Attacker,Attacker,1528.0,1923.0,395.0,52.65166516651665,55.117227319062174,2.465562152545523,4.001033130836014,3.2659932659932664,-13.52413019079686,13.153759820426487,-2.1626245193326525,8.06249432282678,12.681442456172228,-2.432659932659945,16.602132435465762,7.767438921870806,False,True,True,True,True,True
37704799,Adriano Jagusic,20,20.0,Slaven Koprivnica,Slaven Koprivnica,Midfielder,Midfielder,1526.0,1728.0,202.0,61.75864307742249,70.31192660550458,8.55328352808209,9.577899751172296,20.1555275325767,7.81841109709962,-11.525851197982355,3.0520483240984504,7.985284767008807,-5.8929058043419005,2.156368221941989,-4.4766708701134945,13.087328755804222,False,True,True,True,True,True
530693,Hrvoje Babec,26,26.0,Osijek,Osijek,Midfielder,Midfielder,1522.0,1095.0,-427.0,66.4729751663691,55.76781933662668,-10.705155829742417,-11.876561043658306,-3.2828919714165465,-11.130727196300967,-14.939050021017238,-11.45653556181307,-5.3556181306203925,-9.77245889726587,-5.384615384615387,-9.127784783522493,-11.98863805156111,False,True,False,False,False,False
3568423,Michele Sego,25,25.0,Varaždin,Hajduk Split,Attacker,Attacker,1517.0,2051.0,534.0,61.63816381638164,64.21338769962622,2.5752238832445826,4.638989892873084,38.05836139169471,-15.869809203142538,-0.41526374859708426,-25.383776909801078,-18.444000363339086,1.4315559996366574,-28.98989898989899,-13.532547699214376,-1.158690187055015,True,True,True,False,True,True
21072870,Jurica Prsir,26,26.0,Gorica,Gorica,Midfielder,Midfielder,1511.0,2601.0,1090.0,72.81285505599742,54.32321806633733,-18.489636989660085,-15.175257845323635,-0.8070617906683708,-30.037831021437583,-25.842791088692714,0.36712386835014144,-24.99863747842675,-20.347897175038604,-18.234552332912983,-31.713955443463632,-31.551948685409897,False,True,True,False,False,True
51829,Marin Leovac,37,37.0,Lokomotiva Zagreb,Lokomotiva Zagreb,Defender,Defender,1503.0,221.0,-1282.0,34.551705170517046,,,,,,,,,,,,,False,True,False,False,False,False
37660075,Ante Kavelj,20,20.0,Šibenik,Gorica,Midfielder,Midfielder,1501.0,3106.0,1605.0,46.40236974517124,55.783345095271706,9.380975350100464,13.54520461706386,9.4661622530475,15.430853299705763,10.222782681799075,-3.594029127683413,1.8221455173040155,8.592288127895358,10.331021437578816,6.65931063472047,10.91803466740636,True,True,True,True,True,True
455998,Mihail Caimacov,27,27.0,Slaven Koprivnica,Slaven Koprivnica,Midfielder,Midfielder,1491.0,887.0,-604.0,32.69761402369745,57.41143260409315,24.713818580395703,23.04609217472762,44.552332912988646,-5.26691887347625,45.57377049180328,9.09256063221001,-10.33972204559904,34.77654646198566,-22.052332912988646,16.5857503152585,28.02245563920058,False,True,False,False,True,True
37596443,Rokas Pukstas,21,21.0,Hajduk Split,Hajduk Split,Midfielder,Midfielder,1461.0,2455.0,994.0,44.11459178704756,56.4227240649259,12.308132277878343,15.490255994837185,41.891551071878936,-12.139554434636402,6.834804539722576,6.079117086020531,-0.4923244618039817,2.753429012626029,4.123581336696091,0.431904161412362,11.99107456755376,False,True,True,True,True,True
37667026,Igor Lepinjica,26,26.0,Slaven Koprivnica,Slaven Koprivnica,Attacker,Attacker,1397.0,1073.0,-324.0,45.42664266426641,25.69317023445464,-19.73347242981177,-20.505931327077647,-18.496071829405157,-16.352413019079677,-25.117845117845118,-7.034396100160478,-12.205468253247332,-8.426514669815603,-5.269360269360277,-17.861952861952865,-19.73347242981177,False,True,False,False,False,False
7346393,Aleksa Latkovic,25,25.0,Varaždin,Varaždin,Midfielder,Midfielder,1392.0,2492.0,1100.0,42.52556403181302,49.990825688073386,7.465261656260367,10.91589295792263,19.827658680117693,26.7885666246322,-17.873055905842783,0.6494686165864323,13.138341357071482,-9.492460713961304,22.81525851197982,-3.5266918873476243,6.460566973402784,False,True,True,False,True,True
84515,Gregor Sikosek,32,32.0,Gorica,Varaždin,Defender,Defender,1381.0,562.0,-819.0,34.91061606160616,47.04743790557171,12.13682184396555,9.351827748225702,15.311653116531154,8.344625112917793,28.43270099367661,-35.70563478366186,17.90262512489781,14.5798891815787,10.59451219512195,22.90114046973803,9.336156199800172,True,True,False,False,True,True
37512280,Niko Galesic,25,25.0,Rijeka,Dinamo Zagreb,Defender,Defender,1338.0,1405.0,67.0,67.11633663366337,60.87883195345715,-6.237504680206214,-5.380751114941432,-46.7140921409214,-3.2633242999096552,12.883920505871728,-1.5063432948799402,10.596330275229363,7.975292942138239,-11.991869918699187,9.287488708220422,-14.018054991612587,True,True,True,False,False,True
37325018,Emin Hasic,23,23.0,Osijek,Osijek,Defender,Defender,1320.0,1336.0,16.0,66.79180418041803,46.8639516670396,-19.927852513378426,-19.435164712488252,-58.796296296296305,27.247064137308044,-33.028455284552834,12.674478457020015,15.603597056953404,-18.32705059496775,-1.5159214092140942,-2.0367547425474157,-25.62928451008034,False,True,True,True,False,True
37529453,Elvir Durakovic,26,26.0,Šibenik,Gorica,Defender,Defender,1315.0,712.0,-603.0,44.67546754675468,47.28071156858357,2.605244021828888,0.7889119299040956,10.727190605239386,-18.044263775971096,34.30442637759711,-1.9559754140551888,-15.00681260786628,14.258788264147533,-19.613821138211385,12.926264679313455,1.0616580433512723,True,True,False,False,True,True
540670,Iker Pozo,25,25.0,Šibenik,Gorica,Midfielder,Midfielder,1302.0,2716.0,1414.0,42.70816425904885,72.23994354269583,29.531779283646976,33.846794271384276,53.96385035729298,38.77679697351829,3.9848675914249867,7.130529566718138,12.54064856026887,-6.4056680897447364,32.60088272383355,13.17780580075663,39.81269599717761,True,True,True,False,True,True
73489,Ivan Filipovic,31,31.0,Dinamo Zagreb,Dinamo Zagreb,Goalkeeper,Goalkeeper,1260.0,810.0,-450.0,55.71074964639321,68.13545601726928,12.424706370876066,11.05455467680757,-0.6302521008403374,4.691876750700288,28.92156862745098,0.1680443273685177,1.1976564628940025,-0.4337360341538776,-11.659663865546221,15.957633053221272,14.7174367462422,False,True,False,False,True,True
37356253,Dušan Vuković,23,23.0,Lokomotiva Zagreb,Lokomotiva Zagreb,Attacker,Attacker,1259.0,1571.0,312.0,55.187218721872185,36.26316683656133,-18.924051885310853,-17.447260169442018,1.0942760942760827,-21.071829405162728,-32.586980920314254,-0.08780694583219883,0.30247978926331953,-21.31619583976746,-1.9823232323232318,-14.698372615039276,-22.495262492164088,False,True,True,True,False,True
1486200,Arbër Hoxha,27,27.0,Dinamo Zagreb,Dinamo Zagreb,Attacker,Attacker,1254.0,1818.0,564.0,69.64716471647164,63.18722392116888,-6.4599407953027566,-4.171449560858221,5.185185185185183,-8.843995510662154,-8.92255892255892,2.8022527023344423,-14.888727404850584,-9.725906076846213,-7.996632996632989,-14.890572390572387,-9.580404764025928,False,True,True,False,False,True
52889,Josip Radosevic,32,32.0,Istra 1961,Istra 1961,Midfielder,Midfielder,1230.0,2836.0,1606.0,57.05120921928258,54.94424841213832,-2.1069608071442616,2.595373646484582,14.955863808322826,-27.250945775535918,5.271122320302652,-20.533957065431316,-1.5069488600236127,4.295689890089925,-24.76986128625473,0.7723833543505805,-2.4668759197580883,False,True,True,False,False,True
37550997,Moreno Zivkovic,22,22.0,Lokomotiva Zagreb,Vukovar,Defender,Defender,1212.0,1199.0,-13.0,47.28891639163916,46.0572835086149,-1.231632883024261,-0.8904574810803965,5.707994579945783,0.7678410117434566,4.742547425474264,7.83071426408695,-9.52765918793714,-3.334998637478435,-2.1256775067750624,-12.31368563685637,2.3196669373611982,True,True,False,True,False,True
28932717,Renan Guedes,28,28.0,Osijek,Osijek,Defender,Defender,1201.0,1553.0,352.0,29.35849834983499,40.12195121951219,10.763452869677202,12.428635901741877,10.992547425474243,7.317073170731703,28.624661246612458,-12.304326762951533,6.466981560541377,15.493914070306111,-1.1686991869918728,19.39363143631436,12.35859479266233,False,True,True,False,True,True
24837955,Styopa Mkrtchyan,23,23.0,Osijek,Osijek,Defender,Defender,1150.0,1167.0,17.0,36.34282178217822,42.17498321772209,5.832161435543867,6.258358183659041,5.707994579945783,17.886178861788622,11.924119241192418,17.65146698156054,6.424743391770377,4.6262149150694825,25.897696476964782,13.600948509485093,7.427303358529002,False,True,True,True,True,True
15062015,Abdoulie Sanyang,27,27.0,Hajduk Split,Hajduk Split,Attacker,Attacker,1145.0,844.0,-301.0,39.6903690369037,64.19809717974856,24.50772814284486,23.835914172456995,44.65768799102132,27.21661054994388,12.222222222222214,7.337935628425228,7.2095558179671215,4.707966209464985,24.6043771043771,16.233164983164983,28.078356989931606,False,True,False,False,True,True
24838179,Luka Skaricic,24,24.0,Varaždin,Varaždin,Defender,Defender,1134.0,1678.0,544.0,44.904427942794285,66.70060416200492,21.796176219210636,24.136443273438992,70.95189701897017,13.222673893405585,6.3798554652213255,-4.616677264056676,7.210464165682609,-5.775274775183931,-2.481368563685635,10.960083559168922,28.912313953275202,False,True,True,False,True,True
37533537,Novak Tepsic,24,24.0,Varaždin,Varaždin,Defender,Defender,1115.0,1126.0,11.0,46.77805280528053,49.879167599015446,3.101114793734915,3.502241144902129,13.43157181571815,15.390695573622402,-23.50383920505871,-10.655675659309054,10.890180761195374,-5.547960759378682,10.78082655826558,-7.462454832881662,2.0964201108773324,False,True,True,False,True,True
37356259,Michael Agbekpornu,27,27.0,Slaven Koprivnica,Slaven Koprivnica,Midfielder,Midfielder,1112.0,1146.0,34.0,49.285830222366506,56.79745942131263,7.511629198946125,8.025754005922238,37.129045817570415,-7.414880201765449,-2.4211853720050414,-1.9446210676113438,-8.435825233899536,-2.0222091016441084,-13.502522068095843,-7.777427490542252,10.513279666360745,False,True,True,False,True,False
37583451,Gabriel Rukavina,22,22.0,Rijeka,Rijeka,Attacker,Attacker,1100.0,478.0,-622.0,58.93204320432043,39.56422018348624,-19.367823020834187,-21.52678387104765,-57.452300785634115,3.063973063973066,-5.0056116722783415,-5.683228873346053,3.5448269597601936,-2.3153783268234953,-21.32154882154882,-3.841189674523001,-22.238026983059413,False,True,False,True,False,True
67827,Amer Gojak,29,29.0,Rijeka,Rijeka,Midfielder,Midfielder,1088.0,1585.0,497.0,38.4166531407239,42.57304163726182,4.1563884965379145,6.514095826903976,35.208070617906685,-23.530895334174026,-17.292980243799917,4.450903805976928,-22.378054319193396,-16.113861386138613,-14.754098360655725,-24.77196300966792,4.974588131047611,False,True,True,False,True,True
412433,Bruno Bogojevic,28,28.0,Rijeka,Gorica,Attacker,Attacker,1087.0,1255.0,168.0,41.11791179117912,57.5382262996942,16.420314508515084,17.459827634139565,66.75645342312009,19.61840628507295,-39.00112233445566,7.6853786296060775,6.970660368789165,-28.686983377236814,23.44276094276094,-19.176487093153753,21.81900582312256,True,True,True,False,True,True
73278,Marko Pajac,33,33.0,Lokomotiva Zagreb,Lokomotiva Zagreb,Defender,Defender,1084.0,2550.0,1466.0,48.6564906490649,55.52528529872454,6.868794649659641,11.61763650632237,56.786359530261976,2.8116531165311542,-37.25158084914183,23.50576800799346,4.895085838859117,-28.225315650831135,3.0064363143631283,-13.387816169828369,10.968361614937976,False,True,True,False,True,True
37582788,Vinko Rozic,22,22.0,Istra 1961,Istra 1961,Attacker,Attacker,1063.0,1574.0,511.0,64.71737173717372,41.97927285083249,-22.738098886341234,-20.258672962097435,-63.63636363636365,1.6835016835016674,1.997755331088669,-7.608926030217717,-9.352348078844585,5.266145880643116,-15.690235690235696,-5.5836139169472645,-30.046530655466746,False,True,True,True,False,True
338593,Stjepan Loncar,29,29.0,Istra 1961,Istra 1961,Midfielder,Midfielder,1043.0,2784.0,1741.0,58.72747930530758,38.89625970359915,-19.831219601708433,-14.314097247271157,-46.721311475409834,2.791088692728046,-16.897856242118543,-3.4683743603718113,-9.798346807157785,-10.962167317649195,-3.411097099621685,-16.595208070617907,-24.14470515490087,False,True,True,False,False,False
1525043,Matej Vuk,26,26.0,Istra 1961,Varaždin,Attacker,Attacker,1010.0,1699.0,689.0,46.25112511251125,52.87886510363574,6.627739991124493,9.717575580187983,-18.59147025813692,12.413019079685753,41.560044893378226,44.65967238925728,0.03633390862022878,15.736669997274962,33.03030303030304,29.285914702581366,7.35378620979909,True,True,True,False,True,True
37688968,Anton Matkovic,20,20.0,Osijek,Osijek,Attacker,Attacker,1002.0,996.0,-6.0,24.939693969396934,34.88447162759089,9.944777658193956,10.57880436361679,13.771043771043775,2.772166105499437,-3.367003367003356,-11.00160474763073,-9.61486056862567,-0.8499863747842653,-17.634680134680135,-3.135521885521886,11.539919581179085,False,True,False,True,True,False
37719908,Bruno Durdov,18,18.0,Hajduk Split,Hajduk Split,Attacker,Attacker,979.0,415.0,-564.0,51.63546354635463,,,,,,,,,,,,,False,True,False,True,False,False
37596447,Filip Cuic,23,23.0,Lokomotiva Zagreb,Gorica,Attacker,Attacker,962.0,1635.0,673.0,29.747074707470748,37.83554196398233,8.088467256511581,11.192836409023158,26.93602693602694,2.4242424242424256,-4.870931537598203,-14.59866170103249,-0.9210645835225648,0.7196384776092266,-20.016835016835017,-1.8757014590347936,7.515940311425084,True,True,True,True,True,True
13239047,Mario Mladenovski,25,25.0,Varaždin,Varaždin,Defender,Defender,937.0,1399.0,462.0,47.27585258525853,43.188632803759226,-4.0872197814993,-1.6037971273072742,7.429990966576327,-5.205510388437212,-8.85275519421861,-22.71020680049656,-12.450722136433825,-5.9880552275411105,-8.57046070460705,-12.653850496838302,-5.091914464356883,False,True,True,False,False,False
37709571,Lovre Kulusic,19,19.0,Šibenik,Vukovar,Midfielder,Midfielder,890.0,363.0,-527.0,52.57588053887356,,,,,,,,,,,,,True,True,False,True,False,False
37560492,Ivan Cvijanovic,22,22.0,Osijek,Osijek,Defender,Defender,888.0,591.0,-297.0,65.38710121012102,52.39539046766614,-12.991710742454877,-13.573416619464595,-65.12533875338752,23.848238482384822,-4.652213188798562,-21.979743845944235,6.9325097647379295,1.517167771823054,-2.1510840108401084,15.094286359530258,-15.418470420629788,False,True,False,True,False,True
74068,Josip Elez,32,32.0,Hajduk Split,Vukovar,Defender,Defender,871.0,298.0,-573.0,47.82315731573157,,,,,,,,,,,,,True,True,False,False,False,False
37656051,Vito Caic,21,21.0,Gorica,Vukovar,Midfielder,Midfielder,870.0,1813.0,943.0,24.51468917383541,37.15737473535639,12.642685561520981,16.61725182548682,17.72173182009248,26.47751155947877,-5.178646490121899,5.259333272776836,19.16341175401943,5.14715232991189,12.95397225725095,5.894283312316091,13.462394206707728,True,True,True,True,True,True
37596446,Mate Antunovic,22,22.0,Hajduk Split,Varaždin,Attacker,Attacker,791.0,175.0,-616.0,21.2988298829883,,,,,,,,,,,,,True,True,False,True,False,False
69675,Luka Menalo,29,29.0,Rijeka,Rijeka,Attacker,Attacker,727.0,802.0,75.0,54.16741674167417,53.64424057084607,-0.5231761708280942,0.327400629971244,41.66105499438832,-7.171717171717177,-28.597081930415257,8.343173766917978,-5.582705059496774,-26.993369061676823,14.78114478114479,-13.267396184062846,1.4087366947628226,False,True,True,False,False,True
73159,Ante Erceg,36,36.0,Gorica,Gorica,Attacker,Attacker,717.0,1035.0,318.0,38.69396939693969,55.06455997281685,16.37059057587716,18.21489977743952,58.518518518518505,-13.47923681257015,-0.06734006734006925,12.167317649196107,-6.056862566990635,2.193432646016902,-15.446127946127948,-3.1902356902356956,17.731783082880582,False,True,True,False,True,True
37571660,Simun Mikolcic,22,22.0,Osijek,Osijek,Midfielder,Midfielder,622.0,1208.0,586.0,56.09276091543581,47.41919548341566,-8.673565432020148,-6.117474960587678,37.36864228667506,-6.5447667087011325,-56.351408154686844,-0.15896085021347517,-24.162957580161674,-38.63781905713506,3.0359394703657046,-43.54770912147961,-8.941252454977679,False,True,True,True,False,True
73858,Marko Rog,30,30.0,Dinamo Zagreb,Lokomotiva Zagreb,Midfielder,Midfielder,616.0,7.0,-609.0,58.11962343775361,,,,,,,,,,,,,True,True,False,False,False,False
5270348,Jon Mersinaj,27,27.0,Lokomotiva Zagreb,Osijek,Defender,Defender,606.0,900.0,294.0,46.30913091309131,46.7129111658089,0.40378025271758844,1.9014639660430603,-58.87533875338756,10.128726287262886,44.63640469738032,28.896054743088996,9.931873921337093,26.519665728040685,19.008299457994582,32.095471996386635,0.5013479865161798,True,True,True,False,True,True
37656551,Jakov Gurlica,22,22.0,Gorica,Gorica,Defender,Defender,598.0,5.0,-593.0,31.492711771177124,,,,,,,,,,,,,False,True,False,True,False,False
37607123,Juan Córdoba,22,22.0,Dinamo Zagreb,Dinamo Zagreb,Attacker,Attacker,551.0,57.0,-494.0,59.53645364536454,,,,,,,,,,,,,False,True,False,True,False,False
1485781,Zvonimir Sarlija,29,29.0,Hajduk Split,Hajduk Split,Defender,Defender,537.0,2211.0,1674.0,46.388888888888886,60.2925710449765,13.903682156087612,19.782871909925383,22.380307136404703,14.724480578139108,6.029810298102973,0.553335150028758,7.2309019892814845,7.063538922699607,14.159891598915994,8.502710027100257,15.52154793578832,False,True,True,False,True,True
37571435,Ante Suto,26,26.0,Slaven Koprivnica,Slaven Koprivnica,Attacker,Attacker,518.0,1260.0,742.0,66.28082808280827,52.25790010193679,-14.02292798087148,-10.891671735980943,-37.69921436588104,-5.791245791245785,-6.745230078563409,-36.94704332818601,-7.493414479062583,-13.067717322190944,2.937710437710443,-2.9938271604938294,-20.77698850762613,False,True,True,False,False,True
72813,Domagoj Antolic,36,36.0,Lokomotiva Zagreb,Lokomotiva Zagreb,Midfielder,Midfielder,480.0,610.0,130.0,48.47833143970134,52.86450247000706,4.386171030305718,5.10848913367569,51.82429592265658,17.818411097099613,-43.59815048339639,62.28540285221183,11.222636025070386,-25.54182941229902,43.48991172761666,-14.582807902480042,7.244426185907102,False,True,True,False,True,True
37530358,Ante Orec,24,24.0,Rijeka,Rijeka,Defender,Defender,464.0,2338.0,1874.0,37.886413641364136,63.50134258223317,25.614928940869035,32.06492439913045,39.96160794941283,43.834688346883475,-9.056007226738934,-21.128924819087402,21.280770278862754,-5.561358888182383,15.963753387533878,7.391881210478779,33.78148317756527,False,True,True,False,True,True
37708547,Mirko Susak,22,22.0,Lokomotiva Zagreb,Lokomotiva Zagreb,Attacker,Attacker,452.0,924.0,472.0,51.27272727272728,55.23785253143051,3.9651252587032317,6.16114669570932,-18.260381593714918,6.172839506172835,27.59820426487093,4.159475580585585,1.3952220910164463,4.058270505949679,2.2727272727272734,6.105499438832773,6.612857528503369,False,True,True,True,True,True
37596437,Roko Brajkovic,21,21.0,Hajduk Split,Hajduk Split,Attacker,Attacker,448.0,1300.0,852.0,,60.45276928304451,,,,,,,,,,,,False,True,True,True,False,False
37690641,Filip Kruselj,21,21.0,Slaven Koprivnica,Slaven Koprivnica,Defender,Defender,441.0,2226.0,1785.0,,58.73573506377266,,,,,,,,,,,,False,True,True,True,False,False
61320,Aleksandar Trajkovski,33,33.0,Hajduk Split,Lokomotiva Zagreb,Attacker,Attacker,418.0,526.0,108.0,,57.55266734624532,,,,,,,,,,,,True,True,True,False,False,False
37590876,Mody Boune,24,24.0,Lokomotiva Zagreb,Lokomotiva Zagreb,Defender,Defender,411.0,245.0,-166.0,,,,,,,,,,,,,,False,True,False,False,False,False
32819228,Silvio Ilinkovic,23,23.0,Rijeka,Rijeka,Midfielder,Midfielder,407.0,188.0,-219.0,,,,,,,,,,,,,,False,True,False,True,False,False
537274,Oleksandr Petrusenko,28,28.0,Istra 1961,Osijek,Midfielder,Midfielder,389.0,1484.0,1095.0,,51.07198306280876,,,,,,,,,,,,True,True,True,False,False,False
75251,Bruno Goda,28,28.0,Rijeka,Dinamo Zagreb,Defender,Defender,372.0,1587.0,1215.0,,58.26806891922131,,,,,,,,,,,,True,True,True,False,False,False
37667185,Filip Zivkovic,19,19.0,Osijek,Osijek,Attacker,Attacker,362.0,283.0,-79.0,,,,,,,,,,,,,,False,True,False,True,False,False
5666584,Josip Silic,26,26.0,Varaždin,Varaždin,Goalkeeper,Goalkeeper,360.0,360.0,0.0,,,,,,,,,,,,,,False,True,False,False,False,False
73443,Mateusz Stolarski,35,35.0,Slaven Koprivnica,Slaven Koprivnica,Goalkeeper,Goalkeeper,360.0,696.0,336.0,,48.464651915812205,,,,,,,,,,,,False,True,True,False,False,False
37600577,Fabijan Krivak,21,21.0,Lokomotiva Zagreb,Lokomotiva Zagreb,Midfielder,Midfielder,323.0,1162.0,839.0,,51.15808045165844,,,,,,,,,,,,False,True,True,True,False,False
37745418,Luka Vrzic,19,19.0,Gorica,Gorica,Attacker,Attacker,321.0,1209.0,888.0,,52.40061162079511,,,,,,,,,,,,False,True,True,True,False,False
37694126,Jovan Ivanisevic,21,21.0,Istra 1961,Istra 1961,Defender,Defender,318.0,90.0,-228.0,,,,,,,,,,,,,,False,True,False,True,False,False
37596440,Antonio Jakir,23,23.0,Slaven Koprivnica,Slaven Koprivnica,Defender,Defender,316.0,1033.0,717.0,,44.48310584023271,,,,,,,,,,,,False,True,True,True,False,False
37696422,Branko Pavic,19,19.0,Dinamo Zagreb,Rijeka,Midfielder,Midfielder,289.0,676.0,387.0,,52.3302752293578,,,,,,,,,,,,True,True,True,True,False,False
37664352,Medin Gashi,20,20.0,Gorica,Gorica,Attacker,Attacker,243.0,180.0,-63.0,,,,,,,,,,,,,,False,True,False,True,False,False
24838178,Jakov-Anton Vasilj,24,24.0,Lokomotiva Zagreb,Lokomotiva Zagreb,Midfielder,Midfielder,240.0,1375.0,1135.0,,44.73465067043049,,,,,,,,,,,,False,True,True,False,False,False
37748224,Simun Butic,20,20.0,Rijeka,Vukovar,Attacker,Attacker,231.0,954.0,723.0,,26.53244988107373,,,,,,,,,,,,True,True,True,True,False,False
74125,Mateo Barac,31,31.0,Varaždin,Varaždin,Defender,Defender,227.0,584.0,357.0,,56.75095099574849,,,,,,,,,,,,False,True,True,False,False,False
37328039,Blaz Boskovic,24,24.0,Lokomotiva Zagreb,Lokomotiva Zagreb,Midfielder,Midfielder,223.0,2459.0,2236.0,,50.602681721947775,,,,,,,,,,,,False,True,True,False,False,False
37651323,Luka Savatovic,22,22.0,Lokomotiva Zagreb,Lokomotiva Zagreb,Goalkeeper,Goalkeeper,180.0,270.0,90.0,,,,,,,,,,,,,,False,True,True,True,False,False
73914,Ivan Fiolic,30,30.0,Gorica,Gorica,Midfielder,Midfielder,180.0,637.0,457.0,,28.96330275229358,,,,,,,,,,,,False,True,True,False,False,False
37633274,Ivan Canjuga,20,20.0,Lokomotiva Zagreb,Varaždin,Attacker,Attacker,178.0,800.0,622.0,,55.40434930343187,,,,,,,,,,,,True,True,True,True,False,False
37287473,Logi Hrafn Róbertsson,21,21.0,Istra 1961,Istra 1961,Midfielder,Midfielder,171.0,253.0,82.0,,,,,,,,,,,,,,False,True,True,True,False,False
9636175,Vane Jovanov,27,27.0,Varaždin,Varaždin,Defender,Defender,157.0,839.0,682.0,,28.24401432087715,,,,,,,,,,,,False,True,True,False,False,False
37656054,Zvonimir Katalinic,22,22.0,Slaven Koprivnica,Slaven Koprivnica,Defender,Defender,147.0,841.0,694.0,,35.35522488252405,,,,,,,,,,,,False,True,True,True,False,False
24065264,Danijel Djuric,23,23.0,Istra 1961,Istra 1961,Midfielder,Midfielder,136.0,198.0,62.0,,,,,,,,,,,,,,False,True,True,True,False,False
3533990,Yassine Benrahou,27,27.0,Hajduk Split,Hajduk Split,Midfielder,Midfielder,131.0,229.0,98.0,,,,,,,,,,,,,,False,True,True,False,False,False
75072,Marijan Cabraja,29,29.0,Rijeka,Gorica,Defender,Defender,127.0,2661.0,2534.0,,59.59666592078764,,,,,,,,,,,,True,True,True,False,False,False
73124,Marko Leskovic,35,35.0,Slaven Koprivnica,Slaven Koprivnica,Defender,Defender,108.0,197.0,89.0,,,,,,,,,,,,,,False,True,True,False,False,False
37701794,Leon Bošnjak,20,20.0,Slaven Koprivnica,Slaven Koprivnica,Midfielder,Midfielder,106.0,485.0,379.0,,37.50741002117149,,,,,,,,,,,,False,True,True,True,False,False
37555802,Toni Silic,22,22.0,Lokomotiva Zagreb,Hajduk Split,Goalkeeper,Goalkeeper,90.0,1890.0,1800.0,,56.22504047490556,,,,,,,,,,,,True,True,True,True,False,False
73926,Josip Posavec,30,30.0,Rijeka,Lokomotiva Zagreb,Goalkeeper,Goalkeeper,90.0,2970.0,2880.0,,64.23097679438747,,,,,,,,,,,,True,True,True,False,False,False
37688867,Marino Skelin,19,19.0,Hajduk Split,Hajduk Split,Defender,Defender,75.0,289.0,214.0,,,,,,,,,,,,,,False,True,True,True,False,False
37764893,Niko Farkas,19,19.0,Osijek,Osijek,Midfielder,Midfielder,61.0,255.0,194.0,,,,,,,,,,,,,,False,True,True,True,False,False
37717672,Ivan Katic ,20,20.0,Lokomotiva Zagreb,Lokomotiva Zagreb,Midfielder,Midfielder,53.0,1120.0,1067.0,,25.29146083274524,,,,,,,,,,,,False,True,True,True,False,False
37594485,Ante Matej Juric,23,23.0,Gorica,Rijeka,Attacker,Attacker,44.0,1106.0,1062.0,,40.54196398233095,,,,,,,,,,,,True,True,True,True,False,False
73929,Petar Bockaj,29,29.0,Dinamo Zagreb,Varaždin,Defender,Defender,44.0,274.0,230.0,,,,,,,,,,,,,,True,True,True,False,False,False
37341949,Franko Kolic,23,23.0,Istra 1961,Istra 1961,Goalkeeper,Goalkeeper,39.0,3150.0,3111.0,,52.60388559093363,,,,,,,,,,,,False,True,True,True,False,False
37733235,Israel Isaac Ayuma,20,20.0,Istra 1961,Istra 1961,Midfielder,Midfielder,20.0,775.0,755.0,,55.17360621030345,,,,,,,,,,,,False,True,True,True,False,False
37696419,Noa Mikić,19,19.0,Dinamo Zagreb,Dinamo Zagreb,Defender,Defender,18.0,276.0,258.0,,,,,,,,,,,,,,False,True,True,True,False,False
37719905,Matija Subotic,18,18.0,Lokomotiva Zagreb,Lokomotiva Zagreb,Midfielder,Midfielder,10.0,2055.0,2045.0,,54.31192660550459,,,,,,,,,,,,False,True,True,True,False,False
37904235,Marko Aščić,19,19.0,Slaven Koprivnica,Slaven Koprivnica,Attacker,Attacker,3.0,66.0,63.0,,,,,,,,,,,,,,False,True,True,True,False,False
37728377,Ivan Barić,19,19.0,Osijek,Osijek,Attacker,Attacker,1.0,227.0,226.0,,,,,,,,,,,,,,False,True,True,True,False,False
