category,rank,player_id,player_name,team_name,position,age,minutes,dribbling_score,passing_score,duel_defending_score,progressive_midfielder_score,passer_defender_score,creative_score,defensive_score,overall_score,successful_dribbles_per90,dribble_success_rate,fouls_drawn_per90,passes_per90,key_passes_per90,pass_accuracy,accurate_long_balls_per90,accurate_crosses_per90,tackles_per90,interceptions_per90,aerials_won_per90,clearances_per90,duel_success_rate
best_dribblers,1,37550680,Martin Baturina,Dinamo Zagreb,Midfielder,23,2380.0,86.63366336633663,82.17821782178218,20.024752475247528,82.37704918032787,48.63387978142077,86.33879781420764,20.21857923497268,60.97224476546014,1.815126050420168,50.526315789473685,2.4201680672268906,47.83613445378151,3.403361344537815,84.82,1.815126050420168,1.4747899159663866,1.134453781512605,0.226890756302521,0.5672268907563025,0.1134453781512605,49.21135646687697
best_dribblers,2,28912771,Adrion Pajaziti,Gorica,Midfielder,23,1569.0,86.13861386138613,71.08910891089108,27.995049504950494,48.97540983606557,48.428961748633874,62.56830601092896,30.054644808743166,58.7355948709625,1.089866156787763,54.285714285714285,2.6959847036328872,43.25047801147228,0.745697896749522,88.86,2.237093690248566,0.5736137667304015,1.032504780114723,0.6883365200764818,0.5162523900573613,0.745697896749522,49.46236559139785
best_dribblers,3,37569839,Lukas Kacavenda,Dinamo Zagreb,Midfielder,23,733.0,85.47854785478548,60.4950495049505,47.00495049504951,70.08196721311475,56.4207650273224,65.02732240437159,64.48087431693989,71.89823080668721,1.3506139154160983,50.0,2.946793997271487,36.46657571623465,1.84174624829468,79.46,0.7366984993178718,0.4911323328785811,2.08731241473397,0.9822646657571624,0.859481582537517,0.4911323328785811,54.3859649122807
best_dribblers,4,37571435,Ante Suto,Slaven Koprivnica,Attacker,26,518.0,84.65346534653465,37.72277227722772,51.48514851485149,58.63636363636364,54.99999999999999,53.93939393939394,69.09090909090908,66.28082808280827,1.5637065637065637,50.0,2.4324324324324325,25.1930501930502,1.2162162162162162,67.59,0.1737451737451737,0.5212355212355212,2.0849420849420848,0.1737451737451737,3.6486486486486487,1.0424710424710424,52.38095238095238
best_dribblers,5,131838,Bruno Petkovic,Dinamo Zagreb,Attacker,31,865.0,82.50825082508251,52.42574257425743,45.123762376237615,82.27272727272727,57.91666666666666,77.27272727272727,36.96969696969697,64.95409540954094,1.0404624277456649,50.0,2.913294797687861,32.25433526011561,2.2890173410404624,69.68,1.3526011560693645,0.3121387283236994,0.8323699421965318,0.1040462427745664,3.84971098265896,2.2890173410404624,48.80952380952381
best_dribblers,6,37543226,Toni Fruk,Rijeka,Midfielder,25,2645.0,82.34323432343236,56.93069306930694,17.400990099009903,78.27868852459017,28.346994535519123,43.71584699453552,13.661202185792348,48.90034085375751,1.32703213610586,46.98795180722892,2.7901701323251418,26.13232514177694,1.9054820415879017,73.7,1.667296786389414,0.7145557655954632,0.8846880907372401,0.44234404536862,0.8846880907372401,0.2041587901701323,43.00254452926209
best_dribblers,7,540670,Iker Pozo,Šibenik,Midfielder,25,1302.0,82.01320132013201,46.63366336633664,72.27722772277227,35.86065573770492,60.86065573770492,40.7103825136612,85.24590163934425,42.70816425904885,1.036866359447005,55.55555555555556,1.7972350230414746,36.70506912442397,0.4147465437788018,80.23,1.3133640552995391,0.1382488479262673,2.695852534562212,1.3824884792626728,1.7972350230414746,2.0046082949308754,58.659217877094974
best_dribblers,8,37332624,Giorgi Gagua,Istra 1961,Attacker,24,1524.0,81.76567656765677,30.7920792079208,41.26237623762376,53.63636363636363,52.87878787878788,41.21212121212121,63.030303030303024,47.18541854185418,0.8267716535433071,51.851851851851855,3.543307086614173,20.66929133858268,1.4763779527559056,68.57,0.4133858267716535,0.0590551181102362,1.2401574803149606,0.3543307086614173,2.1850393700787403,1.0039370078740155,50.39370078740158
best_dribblers,9,7745870,Dimitar Mitrovski,Varaždin,Attacker,27,2111.0,80.6930693069307,67.22772277227723,30.420792079207928,74.54545454545453,85.15151515151516,66.66666666666667,77.57575757575756,68.96939693969397,1.577451444812885,45.1219512195122,2.600663192799621,29.332070108953104,1.7479867361440076,78.05,2.1743249644718143,0.8953102794883941,1.7479867361440076,0.5542396968261487,0.2984367598294647,0.5968735196589294,50.17064846416383
best_dribblers,10,37544959,Moris Valincic,Istra 1961,Defender,23,2619.0,80.03300330033004,64.45544554455446,68.76237623762377,64.93055555555556,69.03935185185185,71.75925925925925,75.92592592592594,68.22469746974699,1.0309278350515465,54.54545454545455,1.7525773195876289,46.63230240549828,0.5154639175257731,84.6,2.405498281786941,0.3092783505154639,1.924398625429553,1.7525773195876289,1.2371134020618555,2.164948453608248,58.44594594594594
best_dribblers,11,24838180,Stipe Biuk,Hajduk Split,Attacker,23,904.0,79.86798679867987,43.26732673267327,26.509900990099013,68.18181818181819,56.36363636363636,53.93939393939394,57.27272727272727,47.81368136813681,2.3893805309734515,54.54545454545455,1.2942477876106195,27.278761061946906,1.2942477876106195,69.34,0.5973451327433629,0.497787610619469,0.995575221238938,0.3982300884955752,1.393805309734513,0.2986725663716814,49.21875
best_dribblers,12,37694071,Niko Sigur,Hajduk Split,Midfielder,22,1612.0,78.87788778877888,48.01980198019802,54.38118811881189,34.01639344262296,58.87978142076504,57.377049180327866,75.95628415300547,63.99691608505113,0.7816377171215881,53.84615384615385,2.177419354838709,36.23449131513648,0.4466501240694789,84.9,1.1166253101736974,0.1116625310173697,2.9590570719602978,0.9491315136476428,0.8374689826302729,1.0607940446650124,56.48148148148148
best_dribblers,13,37596443,Rokas Pukstas,Hajduk Split,Midfielder,21,1461.0,78.63036303630363,39.207920792079214,60.2970297029703,45.49180327868852,46.10655737704918,30.601092896174865,63.9344262295082,44.11459178704756,0.8624229979466119,51.851851851851855,2.0328542094455853,30.246406570841888,1.0472279260780288,70.67,0.9240246406570842,0.0616016427104722,2.0328542094455853,1.108829568788501,5.359342915811088,0.4928131416837782,54.09836065573771
best_dribblers,14,37600592,Luka Vrbancic,Lokomotiva Zagreb,Midfielder,21,1668.0,78.63036303630362,60.94059405940593,38.42821782178217,54.71311475409836,47.43852459016394,28.688524590163933,47.540983606557376,50.053968511605255,0.9712230215827338,50.0,2.212230215827338,29.67625899280576,1.1870503597122302,75.82,2.050359712230216,0.8093525179856115,2.158273381294964,0.7014388489208633,0.5935251798561151,0.8633093525179856,47.59825327510917
best_dribblers,15,74533,Josip Majic,Šibenik,Attacker,32,1062.0,78.21782178217822,65.54455445544555,40.49504950495049,81.36363636363636,73.33333333333334,67.27272727272727,72.12121212121212,48.89108910891089,1.694915254237288,55.55555555555556,1.1864406779661016,40.84745762711864,1.1864406779661016,68.46,3.4745762711864407,0.847457627118644,1.7796610169491525,1.1016949152542372,0.9322033898305084,1.0169491525423728,42.33576642335766
best_passers,1,29992,Ivan Rakitić,Hajduk Split,Midfielder,38,3065.0,33.993399339933994,90.0990099009901,48.27970297029702,67.62295081967213,74.1120218579235,77.59562841530054,60.928961748633874,60.64072390845642,0.1468189233278956,18.51851851851852,1.438825448613377,57.9347471451876,2.202283849918434,81.4,3.699836867862969,2.1141924959216967,1.6150081566068517,1.468189233278956,0.734094616639478,0.9102773246329527,50.95057034220533
best_passers,2,4536487,Tiago Dantas,Osijek,Midfielder,25,1996.0,36.96369636963696,89.6039603960396,11.311881188118813,65.98360655737704,50.614754098360656,83.06010928961749,11.475409836065577,45.61191365038143,0.3607214428857715,34.78260869565217,0.9018036072144288,51.04208416833667,1.5781563126252505,87.37,3.607214428857716,0.9018036072144288,0.5861723446893787,0.5861723446893787,0.1803607214428857,0.4959919839679358,39.47368421052632
best_passers,3,198710,Petar Pusic,Osijek,Midfielder,27,1454.0,63.53135313531354,86.63366336633665,7.549504950495049,77.8688524590164,44.193989071038246,85.79234972677595,4.371584699453552,55.413082291835735,1.052269601100413,54.83870967741935,0.6189821182943603,48.34250343878955,1.856946354883081,85.92,2.909215955983494,1.176066024759285,0.7427785419532325,0.3094910591471801,0.3094910591471801,0.2475928473177441,36.134453781512605
best_passers,4,62670,Ljuban Crepulja,Slaven Koprivnica,Midfielder,32,2154.0,26.237623762376234,85.44554455445545,47.52475247524752,56.967213114754095,66.12021857923497,78.14207650273224,46.99453551912568,58.47021587404642,0.2089136490250696,35.714285714285715,0.5431754874651811,51.559888579387184,1.2534818941504178,85.25,3.7604456824512535,0.7103064066852368,2.047353760445682,0.584958217270195,1.0027855153203342,1.2952646239554315,50.55555555555556
best_passers,5,73858,Marko Rog,Dinamo Zagreb,Midfielder,30,616.0,68.48184818481847,84.85148514851485,42.8960396039604,76.22950819672131,64.95901639344262,91.8032786885246,49.18032786885246,58.11962343775361,0.8766233766233766,42.85714285714285,1.899350649350649,49.675324675324674,1.899350649350649,87.35,1.899350649350649,1.6071428571428572,2.191558441558441,0.7305194805194806,1.899350649350649,0.2922077922077922,46.93877551020408
best_passers,6,21072870,Jurica Prsir,Gorica,Midfielder,26,1511.0,62.70627062706271,84.35643564356437,60.99009900990098,71.31147540983606,74.72677595628414,79.78142076502733,69.94535519125682,72.81285505599742,0.6551952349437459,39.285714285714285,1.9655857048312373,51.87954996690933,1.369953673064196,82.89,2.799470549305096,1.5486432825943084,3.3951025810721376,1.2508272667107876,1.3103904698874915,1.6082064857710126,49.38271604938272
best_passers,7,37563601,Luka Stojkovic,Dinamo Zagreb,Midfielder,22,1542.0,76.07260726072609,83.66336633663367,50.51980198019802,86.88524590163934,67.89617486338798,75.95628415300546,57.92349726775956,73.00519396201913,1.4591439688715953,52.083333333333336,1.284046692607004,45.93385214007782,3.093385214007782,80.56,2.9766536964980546,2.509727626459144,2.159533073929961,0.7587548638132295,1.517509727626459,0.642023346303502,51.627906976744185
best_passers,8,74022,Stefan Ristovski,Dinamo Zagreb,Defender,34,1891.0,49.17491749174917,83.31683168316832,51.13861386138614,65.97222222222223,58.15972222222222,90.74074074074072,30.555555555555557,57.875412541254114,0.3331570597567425,41.1764705882353,1.4278159703860391,60.58699101004759,0.904283447911158,86.88,3.37916446324696,0.7615018508725542,1.1422527763088313,0.7615018508725542,1.7609730301427815,1.9989423585404549,56.47058823529412
best_passers,9,37571660,Simun Mikolcic,Osijek,Midfielder,22,622.0,75.08250825082509,82.97029702970296,71.59653465346534,60.040983606557376,82.65027322404372,52.185792349726775,90.7103825136612,56.09276091543581,0.7234726688102894,55.55555555555556,1.5916398713826367,49.05144694533762,1.302250803858521,80.24,3.472668810289389,1.5916398713826367,2.459807073954984,1.5916398713826367,2.459807073954984,0.7234726688102894,61.72839506172839
best_passers,10,37550680,Martin Baturina,Dinamo Zagreb,Midfielder,23,2380.0,86.63366336633663,82.17821782178218,20.024752475247528,82.37704918032787,48.63387978142077,86.33879781420764,20.21857923497268,60.97224476546014,1.815126050420168,50.526315789473685,2.4201680672268906,47.83613445378151,3.403361344537815,84.82,1.815126050420168,1.4747899159663866,1.134453781512605,0.226890756302521,0.5672268907563025,0.1134453781512605,49.21135646687697
best_passers,11,73519,Josip Misic,Dinamo Zagreb,Midfielder,32,2168.0,46.53465346534654,78.8118811881188,59.52970297029704,54.918032786885256,73.08743169398906,78.68852459016394,65.02732240437159,53.55542931342314,0.290590405904059,53.84615384615385,0.705719557195572,54.6309963099631,0.8302583025830258,84.95,4.5249077490774905,0.4151291512915129,1.992619926199262,1.328413284132841,1.1208487084870848,1.5359778597785978,53.97727272727273
best_passers,12,74182,T. Halilović,Gorica,Midfielder,31,1519.0,54.37293729372937,77.22772277227723,59.33168316831684,53.89344262295082,68.23770491803279,56.55737704918033,65.57377049180327,60.6037980847265,0.5924950625411455,45.45454545454545,1.0072416063199474,45.74061882817643,1.1257406188281764,82.9,2.784726793943384,0.8887425938117183,1.5404871626069785,1.3627386438446347,0.7702435813034891,2.251481237656353,58.55855855855856
best_passers,13,72813,Domagoj Antolic,Lokomotiva Zagreb,Midfielder,36,480.0,5.528052805280527,75.84158415841586,44.257425742574256,27.663934426229503,65.09562841530055,72.95081967213115,58.469945355191264,48.47833143970134,0.0,0.0,0.1875,62.625,0.5625,88.92,2.25,0.75,2.0625,1.6875,0.375,0.9375,42.85714285714285
best_passers,14,338593,Stjepan Loncar,Istra 1961,Midfielder,29,1043.0,66.00660066006601,74.75247524752476,25.297029702970296,74.18032786885246,44.67213114754099,54.64480874316939,24.590163934426236,58.72747930530758,1.4669223394055608,62.96296296296296,0.5177372962607862,33.22147651006711,1.984659635666347,81.56,2.070949185043145,1.5532118887823585,0.862895493767977,0.2588686481303931,0.6040268456375839,0.7766059443911792,52.05479452054794
best_passers,15,73278,Marko Pajac,Lokomotiva Zagreb,Defender,33,1084.0,47.442244224422446,74.55445544554456,56.757425742574256,87.84722222222223,57.69675925925927,56.94444444444444,58.79629629629631,48.6564906490649,0.4981549815498155,33.333333333333336,1.328413284132841,44.086715867158674,2.0756457564575648,72.13,2.822878228782288,2.4907749077490773,2.3247232472324724,0.9132841328413284,0.5811808118081181,2.3247232472324724,58.16326530612245
best_duel_defenders,1,24817153,Iurie Iovu,Istra 1961,Defender,24,1043.0,42.32673267326732,43.366336633663366,85.94059405940594,54.86111111111112,63.19444444444445,52.31481481481481,86.11111111111113,51.45145764576458,0.1725790987535954,66.66666666666667,0.4314477468839885,36.50047938638543,0.3451581975071908,77.3,2.329817833173538,0.0,2.6749760306807286,1.2943432406519657,3.537871524448706,4.14189837008629,65.83333333333333
best_duel_defenders,2,3533873,Ivan Nekic,Varaždin,Defender,25,1596.0,48.67986798679868,60.29702970297031,83.11881188118812,50.34722222222222,72.16435185185185,56.94444444444445,78.7037037037037,55.93784378437844,0.3947368421052631,87.5,0.2819548872180451,54.19172932330827,0.225563909774436,81.48,4.06015037593985,0.056390977443609,1.8609022556390973,1.8045112781954888,2.537593984962406,3.721804511278195,61.224489795918366
best_duel_defenders,3,23707307,Luka Jelenic,Osijek,Defender,26,2532.0,51.48514851485148,49.9009900990099,82.35148514851485,34.375,62.55787037037036,72.22222222222221,75.46296296296295,71.75673817381738,0.2132701421800948,50.0,1.2085308056872035,48.73222748815166,0.1421800947867298,86.58,1.954976303317536,0.0,1.954976303317536,1.7061611374407584,2.59478672985782,4.585308056872038,58.303886925795055
best_duel_defenders,4,73558,Slavko Bralic,Gorica,Defender,33,924.0,74.66996699669967,56.73267326732673,79.85148514851487,62.15277777777778,63.020833333333336,40.27777777777778,68.05555555555556,47.021452145214525,0.5844155844155844,100.0,1.3636363636363635,46.16883116883117,0.487012987012987,77.22,3.409090909090909,0.0974025974025974,1.5584415584415583,1.8506493506493509,3.603896103896104,7.889610389610389,57.25806451612903
best_duel_defenders,5,37533537,Novak Tepsic,Varaždin,Defender,24,1115.0,60.80858085808581,42.87128712871287,79.65346534653466,44.09722222222222,62.44212962962963,33.7962962962963,87.73148148148148,46.77805280528053,0.484304932735426,66.66666666666667,0.8878923766816144,42.61883408071749,0.0807174887892376,76.14,3.067264573991032,0.0,2.663677130044843,1.452914798206278,1.6143497757847534,3.309417040358744,64.81481481481481
best_duel_defenders,6,75066,Filip Uremovic,Hajduk Split,Defender,29,2780.0,37.788778877887786,59.4059405940594,79.55445544554455,41.66666666666666,65.50925925925925,68.51851851851852,72.68518518518518,66.06710671067107,0.1942446043165467,50.0,0.5503597122302158,50.24460431654676,0.1618705035971223,83.83,3.0431654676258995,0.1618705035971223,1.683453237410072,1.4568345323741008,3.302158273381295,4.176258992805756,61.92170818505338
best_duel_defenders,7,73585,Denis Kolinger,Lokomotiva Zagreb,Defender,32,2262.0,42.32673267326732,49.4059405940594,78.83663366336634,35.41666666666667,60.01157407407408,51.851851851851855,68.98148148148148,54.17354235423542,0.1989389920424403,62.5,0.4376657824933687,49.05835543766578,0.0795755968169761,80.21,3.143236074270557,0.0,1.4323607427055702,1.830238726790451,3.501326259946949,5.212201591511937,59.91379310344828
best_duel_defenders,8,24838179,Luka Skaricic,Varaždin,Defender,24,1134.0,47.277227722772274,54.25742574257426,78.68811881188118,44.09722222222222,55.96064814814815,36.57407407407408,64.35185185185185,44.904427942794285,0.1587301587301587,100.0,0.5555555555555556,42.53968253968254,0.3968253968253968,77.99,2.7777777777777777,0.238095238095238,1.746031746031746,1.1111111111111112,3.015873015873016,4.047619047619048,61.6822429906542
best_duel_defenders,9,32405608,Ivan Smolcic,Rijeka,Defender,25,1564.0,37.54125412541254,64.35643564356437,78.53960396039604,79.51388888888889,67.70833333333334,48.14814814814815,77.77777777777777,61.05335533553355,0.3452685421994885,35.294117647058826,0.9207161125319692,41.20204603580563,1.0933503836317136,70.39,3.740409207161125,0.5179028132992327,2.129156010230179,2.071611253196931,2.301790281329924,2.647058823529412,57.30994152046784
best_duel_defenders,10,37325018,Emin Hasic,Osijek,Defender,23,1320.0,35.64356435643565,49.9009900990099,78.14356435643563,52.43055555555556,59.201388888888886,53.24074074074073,70.83333333333333,66.79180418041803,0.0681818181818181,50.0,0.6136363636363636,46.5,0.3409090909090909,74.49,3.0,0.0681818181818181,2.590909090909091,1.3636363636363635,2.522727272727273,3.5454545454545454,56.29139072847682
best_duel_defenders,11,37545139,Stephane Keller,Istra 1961,Defender,24,694.0,58.333333333333336,63.16831683168316,78.0940594059406,51.73611111111111,72.56944444444444,55.55555555555555,81.94444444444444,55.605060506050606,0.6484149855907781,71.42857142857143,0.5187319884726225,49.79827089337176,0.2593659942363112,82.81,3.5014409221902016,0.2593659942363112,2.4639769452449567,1.2968299711815563,2.334293948126801,2.8530259365994235,63.38028169014085
best_duel_defenders,12,85690,Luka Bogdan,Istra 1961,Defender,30,494.0,55.85808580858086,34.702970297029694,77.6980198019802,31.423611111111107,47.945601851851855,26.38888888888889,71.06481481481482,42.22153465346535,0.1821862348178137,100.0,0.9109311740890688,35.526315789473685,0.0,73.85,2.3684210526315788,0.0,1.0931174089068827,3.097165991902834,4.190283400809717,5.101214574898785,64.81481481481481
best_duel_defenders,13,73090,Tomislav Bozic,Slaven Koprivnica,Defender,38,2814.0,15.594059405940596,55.742574257425744,76.23762376237624,43.40277777777778,56.19212962962963,52.31481481481481,56.48148148148149,62.03520352035203,0.0639658848614072,33.333333333333336,0.2878464818763326,43.94456289978678,0.2238805970149253,79.99,4.285714285714286,0.0639658848614072,1.791044776119403,0.9914712153518124,3.326226012793177,4.957356076759062,59.786476868327405
best_duel_defenders,14,37535538,Luka Dajcer,Lokomotiva Zagreb,Defender,25,1845.0,62.21122112211221,61.78217821782179,75.40841584158416,62.15277777777778,61.57407407407407,41.2037037037037,64.81481481481481,56.35107260726072,0.6341463414634146,56.52173913043478,0.8292682926829268,46.926829268292686,0.4390243902439024,76.82,3.5609756097560976,0.3414634146341463,1.4634146341463414,1.3170731707317074,2.292682926829268,4.439024390243903,61.49425287356322
best_duel_defenders,15,73887,Leonardo Sigali,Lokomotiva Zagreb,Defender,39,1022.0,47.1947194719472,57.22772277227723,75.14851485148516,37.15277777777778,70.83333333333334,59.25925925925926,75.0,48.4192794279428,0.0880626223091976,50.0,1.2328767123287672,47.465753424657535,0.2641878669275929,85.9,3.522504892367906,0.0,1.8493150684931507,1.4090019569471623,1.4970645792563602,5.724070450097847,62.65060240963855
best_creators,1,37607123,Juan Córdoba,Dinamo Zagreb,Attacker,22,551.0,59.48844884488449,54.950495049504944,14.628712871287131,55.45454545454545,60.83333333333333,98.7878787878788,50.30303030303031,59.53645364536454,0.6533575317604355,30.76923076923077,2.450090744101633,34.954627949183305,0.8166969147005445,82.24,0.8166969147005445,0.4900181488203267,0.9800362976406534,0.8166969147005445,0.4900181488203267,0.0,40.298507462686565
best_creators,2,73448,Marko Pjaca,Dinamo Zagreb,Attacker,31,2384.0,60.39603960396039,65.64356435643563,26.745049504950497,77.72727272727272,73.86363636363636,93.33333333333331,60.0,71.71962196219621,1.0947986577181208,46.774193548387096,0.7927852348993288,32.76845637583892,1.623322147651007,81.68,1.1703020134228188,0.7927852348993288,0.981543624161074,0.6417785234899329,0.7927852348993288,0.5285234899328859,46.85990338164251
best_creators,3,73858,Marko Rog,Dinamo Zagreb,Midfielder,30,616.0,68.48184818481847,84.85148514851485,42.8960396039604,76.22950819672131,64.95901639344262,91.8032786885246,49.18032786885246,58.11962343775361,0.8766233766233766,42.85714285714285,1.899350649350649,49.675324675324674,1.899350649350649,87.35,1.899350649350649,1.6071428571428572,2.191558441558441,0.7305194805194806,1.899350649350649,0.2922077922077922,46.93877551020408
best_creators,4,74022,Stefan Ristovski,Dinamo Zagreb,Defender,34,1891.0,49.17491749174917,83.31683168316832,51.13861386138614,65.97222222222223,58.15972222222222,90.74074074074072,30.555555555555557,57.875412541254114,0.3331570597567425,41.1764705882353,1.4278159703860391,60.58699101004759,0.904283447911158,86.88,3.37916446324696,0.7615018508725542,1.1422527763088313,0.7615018508725542,1.7609730301427815,1.9989423585404549,56.47058823529412
best_creators,5,1486200,Arbër Hoxha,Dinamo Zagreb,Attacker,27,1254.0,76.4026402640264,59.10891089108911,22.2029702970297,68.18181818181817,62.57575757575758,89.09090909090908,51.51515151515152,69.64716471647164,1.7942583732057416,49.01960784313726,1.507177033492823,28.0622009569378,1.1483253588516746,87.47,0.7894736842105263,0.5023923444976076,0.861244019138756,0.7177033492822966,0.861244019138756,0.215311004784689,43.39622641509434
best_creators,6,22136685,Nathanaël Mbuku,Dinamo Zagreb,Attacker,24,496.0,61.7986798679868,64.95049504950495,39.17079207920793,63.18181818181819,80.75757575757575,87.27272727272727,78.7878787878788,84.17416741674168,0.7258064516129032,28.571428571428573,4.354838709677419,30.120967741935484,1.4516129032258065,81.33,1.0887096774193548,1.4516129032258065,1.6330645161290325,0.7258064516129032,0.907258064516129,0.5443548387096774,50.0
best_creators,7,37550680,Martin Baturina,Dinamo Zagreb,Midfielder,23,2380.0,86.63366336633663,82.17821782178218,20.024752475247528,82.37704918032787,48.63387978142077,86.33879781420764,20.21857923497268,60.97224476546014,1.815126050420168,50.526315789473685,2.4201680672268906,47.83613445378151,3.403361344537815,84.82,1.815126050420168,1.4747899159663866,1.134453781512605,0.226890756302521,0.5672268907563025,0.1134453781512605,49.21135646687697
best_creators,8,198710,Petar Pusic,Osijek,Midfielder,27,1454.0,63.53135313531354,86.63366336633665,7.549504950495049,77.8688524590164,44.193989071038246,85.79234972677595,4.371584699453552,55.413082291835735,1.052269601100413,54.83870967741935,0.6189821182943603,48.34250343878955,1.856946354883081,85.92,2.909215955983494,1.176066024759285,0.7427785419532325,0.3094910591471801,0.3094910591471801,0.2475928473177441,36.134453781512605
best_creators,9,12393223,Mateo Les,Gorica,Defender,26,2360.0,51.32013201320132,62.17821782178218,67.74752475247523,49.99999999999999,58.2175925925926,83.79629629629629,50.46296296296296,56.72167216721671,0.3432203389830508,81.81818181818181,0.5720338983050848,49.65254237288136,0.1906779661016949,88.79,3.2796610169491527,0.1144067796610169,1.2584745762711864,1.2966101694915255,1.86864406779661,3.73728813559322,56.68449197860963
best_creators,10,37546618,Raúl Torrente,Dinamo Zagreb,Defender,24,1650.0,13.531353135313532,63.26732673267327,73.30445544554455,45.3125,67.24537037037038,83.33333333333333,61.57407407407408,75.6277502750275,0.0,0.0,0.6545454545454545,62.67272727272727,0.3272727272727272,86.77,3.109090909090909,0.0545454545454545,1.6363636363636365,0.9272727272727272,2.018181818181818,4.418181818181818,66.38655462184875
best_creators,11,37596442,Dominik Prpić,Hajduk Split,Defender,22,2461.0,31.43564356435644,59.702970297029694,73.93564356435644,44.79166666666667,59.027777777777786,83.33333333333333,56.94444444444445,55.279152915291526,0.1828524989841528,45.45454545454545,0.4388459975619667,50.0284437220642,0.2925639983746445,88.01,2.230800487606664,0.1097114993904916,1.7553839902478667,1.133685493701747,2.1576594880130027,5.88785046728972,56.48148148148148
best_creators,12,4536487,Tiago Dantas,Osijek,Midfielder,25,1996.0,36.96369636963696,89.6039603960396,11.311881188118813,65.98360655737704,50.614754098360656,83.06010928961749,11.475409836065577,45.61191365038143,0.3607214428857715,34.78260869565217,0.9018036072144288,51.04208416833667,1.5781563126252505,87.37,3.607214428857716,0.9018036072144288,0.5861723446893787,0.5861723446893787,0.1803607214428857,0.4959919839679358,39.47368421052632
best_creators,13,530693,Hrvoje Babec,Osijek,Midfielder,26,1522.0,44.63696369636964,62.97029702970296,72.52475247524752,50.0,67.07650273224044,80.8743169398907,67.75956284153006,66.4729751663691,0.2956636005256242,71.42857142857143,0.2956636005256242,53.63337713534823,0.4730617608409987,83.35,2.9566360052562417,0.1182654402102496,1.7148488830486202,1.419185282522996,2.365308804204993,2.6609724047306176,54.54545454545455
best_creators,14,52889,Josip Radosevic,Istra 1961,Midfielder,32,1230.0,51.65016501650165,71.78217821782178,56.00247524752476,61.885245901639344,69.74043715846994,80.327868852459,72.6775956284153,57.05120921928258,0.4390243902439024,54.54545454545455,0.6585365853658537,43.46341463414634,0.8780487804878049,84.01,2.414634146341464,0.6585365853658537,2.1951219512195124,1.0975609756097562,0.5121951219512195,1.4634146341463414,56.52173913043478
best_creators,15,21072870,Jurica Prsir,Gorica,Midfielder,26,1511.0,62.70627062706271,84.35643564356437,60.99009900990098,71.31147540983606,74.72677595628414,79.78142076502733,69.94535519125682,72.81285505599742,0.6551952349437459,39.285714285714285,1.9655857048312373,51.87954996690933,1.369953673064196,82.89,2.799470549305096,1.5486432825943084,3.3951025810721376,1.2508272667107876,1.3103904698874915,1.6082064857710126,49.38271604938272
best_ball_winners,1,4187891,Toni Kolega,Šibenik,Attacker,27,1460.0,42.65676567656766,39.10891089108911,65.94059405940594,37.72727272727273,74.16666666666667,40.6060606060606,98.7878787878788,51.902790279027904,0.3698630136986301,33.333333333333336,1.2945205479452055,30.883561643835616,0.4931506849315068,57.68,1.8493150684931507,0.3698630136986301,2.589041095890411,1.356164383561644,0.6164383561643836,1.7876712328767124,60.76923076923077
best_ball_winners,2,412433,Bruno Bogojevic,Rijeka,Attacker,28,1087.0,42.161716171617165,27.524752475247528,61.48514851485149,40.90909090909091,64.46969696969697,26.060606060606062,93.93939393939394,41.11791179117912,0.4967801287948482,28.571428571428573,1.1591536338546458,22.18951241950322,0.4139834406623735,57.46,1.655933762649494,0.2483900643974241,3.891444342226311,0.9107635694572216,1.2419503219871204,2.235510579576817,51.875
best_ball_winners,3,75120,Ivan Roca,Šibenik,Midfielder,30,1110.0,29.372937293729372,49.900990099009896,72.35148514851484,41.393442622950815,65.64207650273224,42.07650273224044,92.34972677595628,49.5495861061516,0.1621621621621621,25.0,1.054054054054054,39.24324324324324,0.1621621621621621,71.49,3.324324324324324,0.4054054054054054,4.297297297297297,1.945945945945946,1.5405405405405406,1.4594594594594594,56.08108108108108
best_ball_winners,4,37571660,Simun Mikolcic,Osijek,Midfielder,22,622.0,75.08250825082509,82.97029702970296,71.59653465346534,60.040983606557376,82.65027322404372,52.185792349726775,90.7103825136612,56.09276091543581,0.7234726688102894,55.55555555555556,1.5916398713826367,49.05144694533762,1.302250803858521,80.24,3.472668810289389,1.5916398713826367,2.459807073954984,1.5916398713826367,2.459807073954984,0.7234726688102894,61.72839506172839
best_ball_winners,5,37658787,Feta Fetai,Lokomotiva Zagreb,Midfielder,21,2270.0,33.993399339933994,32.37623762376238,63.76237623762376,20.69672131147541,56.35245901639344,22.6775956284153,90.1639344262295,39.23145593247849,0.118942731277533,23.07692307692308,1.4669603524229076,27.277533039647576,0.3568281938325991,73.98,1.3876651982378854,0.039647577092511,3.3700440528634363,1.7841409691629957,1.0308370044052864,1.3480176211453745,55.10948905109489
best_ball_winners,6,69675,Luka Menalo,Rijeka,Attacker,29,727.0,59.24092409240924,43.56435643564357,59.03465346534654,48.18181818181818,75.22727272727272,46.06060606060606,89.09090909090908,54.16741674167417,0.7427785419532325,31.57894736842105,1.980742778541953,27.97799174690509,0.8665749656121046,70.8,1.237964236588721,0.3713892709766162,2.1045392022008254,0.8665749656121046,1.980742778541953,1.609353507565337,51.42857142857143
best_ball_winners,7,37533537,Novak Tepsic,Varaždin,Defender,24,1115.0,60.80858085808581,42.87128712871287,79.65346534653466,44.09722222222222,62.44212962962963,33.7962962962963,87.73148148148148,46.77805280528053,0.484304932735426,66.66666666666667,0.8878923766816144,42.61883408071749,0.0807174887892376,76.14,3.067264573991032,0.0,2.663677130044843,1.452914798206278,1.6143497757847534,3.309417040358744,64.81481481481481
best_ball_winners,8,75098,Dario Spikic,Dinamo Zagreb,Attacker,27,624.0,75.74257425742574,42.47524752475248,61.150990099009896,32.72727272727273,70.15151515151516,66.66666666666667,86.66666666666667,67.71962196219623,1.2980769230769231,56.25,1.1538461538461535,32.88461538461539,0.7211538461538461,78.07,0.1442307692307692,0.2884615384615384,1.5865384615384617,1.5865384615384617,2.019230769230769,0.8653846153846154,51.16279069767442
best_ball_winners,9,24817153,Iurie Iovu,Istra 1961,Defender,24,1043.0,42.32673267326732,43.366336633663366,85.94059405940594,54.86111111111112,63.19444444444445,52.31481481481481,86.11111111111113,51.45145764576458,0.1725790987535954,66.66666666666667,0.4314477468839885,36.50047938638543,0.3451581975071908,77.3,2.329817833173538,0.0,2.6749760306807286,1.2943432406519657,3.537871524448706,4.14189837008629,65.83333333333333
best_ball_winners,10,540670,Iker Pozo,Šibenik,Midfielder,25,1302.0,82.01320132013201,46.63366336633664,72.27722772277227,35.86065573770492,60.86065573770492,40.7103825136612,85.24590163934425,42.70816425904885,1.036866359447005,55.55555555555556,1.7972350230414746,36.70506912442397,0.4147465437788018,80.23,1.3133640552995391,0.1382488479262673,2.695852534562212,1.3824884792626728,1.7972350230414746,2.0046082949308754,58.659217877094974
best_ball_winners,11,73145,Šime Gržan,Šibenik,Attacker,32,2116.0,46.617161716171616,61.58415841584159,46.38613861386138,66.36363636363636,81.5909090909091,60.6060606060606,83.63636363636364,61.47614761476148,0.6805293005671077,44.44444444444444,0.5954631379962193,31.13421550094517,1.5737240075614367,71.17,1.5737240075614367,1.616257088846881,1.8714555765595464,1.0207939508506616,0.5954631379962193,1.446124763705104,47.674418604651166
best_ball_winners,12,37545139,Stephane Keller,Istra 1961,Defender,24,694.0,58.333333333333336,63.16831683168316,78.0940594059406,51.73611111111111,72.56944444444444,55.55555555555555,81.94444444444444,55.605060506050606,0.6484149855907781,71.42857142857143,0.5187319884726225,49.79827089337176,0.2593659942363112,82.81,3.5014409221902016,0.2593659942363112,2.4639769452449567,1.2968299711815563,2.334293948126801,2.8530259365994235,63.38028169014085
best_ball_winners,13,37287242,Ivan Laća,Šibenik,Attacker,23,1545.0,41.006600660066006,47.12871287128713,51.00247524752476,60.90909090909091,70.53030303030303,64.84848484848484,80.60606060606061,63.81053105310532,0.3495145631067961,40.0,0.9320388349514565,27.320388349514563,0.9320388349514565,67.8,1.6893203883495145,0.6407766990291263,1.5728155339805825,1.1067961165048543,1.4563106796116505,0.9320388349514565,48.92086330935252
best_ball_winners,14,24838185,Ivan Cubelic,Slaven Koprivnica,Midfielder,23,1546.0,44.38943894389439,66.03960396039604,72.32673267326733,54.50819672131147,70.90163934426229,50.81967213114754,80.32786885245902,50.1428339555267,0.407503234152652,43.75,0.8732212160413971,41.85640362225097,0.815006468305304,75.94,4.249676584734799,0.4657179818887451,2.9107373868046573,2.2703751617076326,2.21216041397154,2.21216041397154,49.549549549549546
best_ball_winners,15,74274,Mario Marina,Varaždin,Midfielder,36,2277.0,40.42904290429043,48.613861386138616,71.88118811881186,35.040983606557376,63.93442622950819,42.349726775956285,80.327868852459,43.99853919818211,0.2371541501976284,54.54545454545455,0.3952569169960474,40.75098814229249,0.4743083003952569,78.37,2.1739130434782608,0.0395256916996047,3.1620553359683794,1.383399209486166,2.015810276679842,2.1739130434782608,53.531598513011154
best_progressive_midfielders,1,37563601,Luka Stojkovic,Dinamo Zagreb,Midfielder,22,1542.0,76.07260726072609,83.66336633663367,50.51980198019802,86.88524590163934,67.89617486338798,75.95628415300546,57.92349726775956,73.00519396201913,1.4591439688715953,52.083333333333336,1.284046692607004,45.93385214007782,3.093385214007782,80.56,2.9766536964980546,2.509727626459144,2.159533073929961,0.7587548638132295,1.517509727626459,0.642023346303502,51.627906976744185
best_progressive_midfielders,2,37550680,Martin Baturina,Dinamo Zagreb,Midfielder,23,2380.0,86.63366336633663,82.17821782178218,20.024752475247528,82.37704918032787,48.63387978142077,86.33879781420764,20.21857923497268,60.97224476546014,1.815126050420168,50.526315789473685,2.4201680672268906,47.83613445378151,3.403361344537815,84.82,1.815126050420168,1.4747899159663866,1.134453781512605,0.226890756302521,0.5672268907563025,0.1134453781512605,49.21135646687697
best_progressive_midfielders,3,37543226,Toni Fruk,Rijeka,Midfielder,25,2645.0,82.34323432343236,56.93069306930694,17.400990099009903,78.27868852459017,28.346994535519123,43.71584699453552,13.661202185792348,48.90034085375751,1.32703213610586,46.98795180722892,2.7901701323251418,26.13232514177694,1.9054820415879017,73.7,1.667296786389414,0.7145557655954632,0.8846880907372401,0.44234404536862,0.8846880907372401,0.2041587901701323,43.00254452926209
best_progressive_midfielders,4,198710,Petar Pusic,Osijek,Midfielder,27,1454.0,63.53135313531354,86.63366336633665,7.549504950495049,77.8688524590164,44.193989071038246,85.79234972677595,4.371584699453552,55.413082291835735,1.052269601100413,54.83870967741935,0.6189821182943603,48.34250343878955,1.856946354883081,85.92,2.909215955983494,1.176066024759285,0.7427785419532325,0.3094910591471801,0.3094910591471801,0.2475928473177441,36.134453781512605
best_progressive_midfielders,5,37704799,Adriano Jagusic,Slaven Koprivnica,Midfielder,20,1526.0,75.08250825082509,64.95049504950495,45.915841584158414,77.45901639344262,60.24590163934426,56.28415300546448,62.29508196721312,61.75864307742249,1.474442988204456,40.32258064516129,2.300131061598952,35.32765399737877,1.1205766710353866,76.29,3.479685452162516,0.3538663171690694,2.300131061598952,1.0615989515072084,1.0026212319790302,0.3538663171690694,50.0
best_progressive_midfielders,6,73858,Marko Rog,Dinamo Zagreb,Midfielder,30,616.0,68.48184818481847,84.85148514851485,42.8960396039604,76.22950819672131,64.95901639344262,91.8032786885246,49.18032786885246,58.11962343775361,0.8766233766233766,42.85714285714285,1.899350649350649,49.675324675324674,1.899350649350649,87.35,1.899350649350649,1.6071428571428572,2.191558441558441,0.7305194805194806,1.899350649350649,0.2922077922077922,46.93877551020408
best_progressive_midfielders,7,338593,Stjepan Loncar,Istra 1961,Midfielder,29,1043.0,66.00660066006601,74.75247524752476,25.297029702970296,74.18032786885246,44.67213114754099,54.64480874316939,24.590163934426236,58.72747930530758,1.4669223394055608,62.96296296296296,0.5177372962607862,33.22147651006711,1.984659635666347,81.56,2.070949185043145,1.5532118887823585,0.862895493767977,0.2588686481303931,0.6040268456375839,0.7766059443911792,52.05479452054794
best_progressive_midfielders,8,37613457,Beyatt Lekoueiry,Istra 1961,Midfielder,21,1036.0,69.3069306930693,43.26732673267327,19.97524752475248,71.31147540983606,23.702185792349727,42.07650273224044,15.846994535519128,42.24151923389059,1.0424710424710424,42.85714285714285,1.7374517374517375,23.8030888030888,1.5637065637065637,72.26,0.9555984555984556,0.2606177606177606,1.2162162162162162,0.4343629343629344,0.5212355212355212,0.7818532818532818,41.935483870967744
best_progressive_midfielders,9,21072870,Jurica Prsir,Gorica,Midfielder,26,1511.0,62.70627062706271,84.35643564356437,60.99009900990098,71.31147540983606,74.72677595628414,79.78142076502733,69.94535519125682,72.81285505599742,0.6551952349437459,39.285714285714285,1.9655857048312373,51.87954996690933,1.369953673064196,82.89,2.799470549305096,1.5486432825943084,3.3951025810721376,1.2508272667107876,1.3103904698874915,1.6082064857710126,49.38271604938272
best_progressive_midfielders,10,37569839,Lukas Kacavenda,Dinamo Zagreb,Midfielder,23,733.0,85.47854785478548,60.4950495049505,47.00495049504951,70.08196721311475,56.4207650273224,65.02732240437159,64.48087431693989,71.89823080668721,1.3506139154160983,50.0,2.946793997271487,36.46657571623465,1.84174624829468,79.46,0.7366984993178718,0.4911323328785811,2.08731241473397,0.9822646657571624,0.859481582537517,0.4911323328785811,54.3859649122807
best_progressive_midfielders,11,37324970,Marko Soldo,Osijek,Midfielder,22,2357.0,77.39273927392739,44.45544554455446,63.96039603960396,68.44262295081967,47.06284153005464,40.43715846994535,60.10928961748633,62.8014932640805,1.1073398387781077,51.785714285714285,1.5273652948663556,28.676283411115826,1.2982605006364023,67.91,1.2218922358930844,0.3054730589732711,2.2146796775562154,1.2600763682647431,2.5965210012728046,1.145523971149767,47.160493827160494
best_progressive_midfielders,12,29992,Ivan Rakitić,Hajduk Split,Midfielder,38,3065.0,33.993399339933994,90.0990099009901,48.27970297029702,67.62295081967213,74.1120218579235,77.59562841530054,60.928961748633874,60.64072390845642,0.1468189233278956,18.51851851851852,1.438825448613377,57.9347471451876,2.202283849918434,81.4,3.699836867862969,2.1141924959216967,1.6150081566068517,1.468189233278956,0.734094616639478,0.9102773246329527,50.95057034220533
best_progressive_midfielders,13,37582792,Luka Mamic,Varaždin,Midfielder,23,2003.0,63.28382838283829,50.0990099009901,39.60396039603961,67.62295081967213,31.69398907103825,50.27322404371585,20.765027322404368,50.15094952118163,1.3479780329505742,49.18032786885246,0.8087868197703445,32.30654018971543,1.3030454318522218,75.24,1.2131802296555168,0.1797304043934099,1.1682476285571644,0.6290564153769346,2.0219670494258613,0.943584623065402,42.59927797833935
best_progressive_midfielders,14,4536487,Tiago Dantas,Osijek,Midfielder,25,1996.0,36.96369636963696,89.6039603960396,11.311881188118813,65.98360655737704,50.614754098360656,83.06010928961749,11.475409836065577,45.61191365038143,0.3607214428857715,34.78260869565217,0.9018036072144288,51.04208416833667,1.5781563126252505,87.37,3.607214428857716,0.9018036072144288,0.5861723446893787,0.5861723446893787,0.1803607214428857,0.4959919839679358,39.47368421052632
best_progressive_midfielders,15,67827,Amer Gojak,Rijeka,Midfielder,29,1088.0,47.68976897689769,69.9009900990099,46.113861386138616,64.75409836065573,47.33606557377049,57.37704918032787,39.34426229508197,38.4166531407239,0.5790441176470589,31.818181818181817,1.2408088235294117,33.17095588235294,1.7371323529411764,80.55,1.6544117647058822,1.0753676470588236,1.8198529411764703,0.7444852941176471,1.5716911764705883,1.40625,45.038167938931295
best_passer_defenders,1,37545139,Stephane Keller,Istra 1961,Defender,24,694.0,58.333333333333336,63.16831683168316,78.0940594059406,51.73611111111111,72.56944444444444,55.55555555555555,81.94444444444444,55.605060506050606,0.6484149855907781,71.42857142857143,0.5187319884726225,49.79827089337176,0.2593659942363112,82.81,3.5014409221902016,0.2593659942363112,2.4639769452449567,1.2968299711815563,2.334293948126801,2.8530259365994235,63.38028169014085
best_passer_defenders,2,3533873,Ivan Nekic,Varaždin,Defender,25,1596.0,48.67986798679868,60.29702970297031,83.11881188118812,50.34722222222222,72.16435185185185,56.94444444444445,78.7037037037037,55.93784378437844,0.3947368421052631,87.5,0.2819548872180451,54.19172932330827,0.225563909774436,81.48,4.06015037593985,0.056390977443609,1.8609022556390973,1.8045112781954888,2.537593984962406,3.721804511278195,61.224489795918366
best_passer_defenders,3,73887,Leonardo Sigali,Lokomotiva Zagreb,Defender,39,1022.0,47.1947194719472,57.22772277227723,75.14851485148516,37.15277777777778,70.83333333333334,59.25925925925926,75.0,48.4192794279428,0.0880626223091976,50.0,1.2328767123287672,47.465753424657535,0.2641878669275929,85.9,3.522504892367906,0.0,1.8493150684931507,1.4090019569471623,1.4970645792563602,5.724070450097847,62.65060240963855
best_passer_defenders,4,37544959,Moris Valincic,Istra 1961,Defender,23,2619.0,80.03300330033004,64.45544554455446,68.76237623762377,64.93055555555556,69.03935185185185,71.75925925925925,75.92592592592594,68.22469746974699,1.0309278350515465,54.54545454545455,1.7525773195876289,46.63230240549828,0.5154639175257731,84.6,2.405498281786941,0.3092783505154639,1.924398625429553,1.7525773195876289,1.2371134020618555,2.164948453608248,58.44594594594594
best_passer_defenders,5,52801,Dario Maresic,Istra 1961,Defender,26,2911.0,63.03630363036303,67.22772277227723,69.35643564356434,62.15277777777778,67.70833333333334,52.31481481481482,59.72222222222223,61.679042904290434,0.3710065269666781,70.58823529411765,1.205771212641704,58.34077636551013,0.6183442116111302,77.8,6.214359326691858,0.1545860529027825,2.164204740638956,1.0202679491583648,1.6076949501889386,3.462727585022329,56.578947368421055
best_passer_defenders,6,32405608,Ivan Smolcic,Rijeka,Defender,25,1564.0,37.54125412541254,64.35643564356437,78.53960396039604,79.51388888888889,67.70833333333334,48.14814814814815,77.77777777777777,61.05335533553355,0.3452685421994885,35.294117647058826,0.9207161125319692,41.20204603580563,1.0933503836317136,70.39,3.740409207161125,0.5179028132992327,2.129156010230179,2.071611253196931,2.301790281329924,2.647058823529412,57.30994152046784
best_passer_defenders,7,37546618,Raúl Torrente,Dinamo Zagreb,Defender,24,1650.0,13.531353135313532,63.26732673267327,73.30445544554455,45.3125,67.24537037037038,83.33333333333333,61.57407407407408,75.6277502750275,0.0,0.0,0.6545454545454545,62.67272727272727,0.3272727272727272,86.77,3.109090909090909,0.0545454545454545,1.6363636363636365,0.9272727272727272,2.018181818181818,4.418181818181818,66.38655462184875
best_passer_defenders,8,75066,Filip Uremovic,Hajduk Split,Defender,29,2780.0,37.788778877887786,59.4059405940594,79.55445544554455,41.66666666666666,65.50925925925925,68.51851851851852,72.68518518518518,66.06710671067107,0.1942446043165467,50.0,0.5503597122302158,50.24460431654676,0.1618705035971223,83.83,3.0431654676258995,0.1618705035971223,1.683453237410072,1.4568345323741008,3.302158273381295,4.176258992805756,61.92170818505338
best_passer_defenders,9,432894,Maxime Bernauer,Dinamo Zagreb,Defender,28,735.0,28.87788778877888,73.56435643564357,63.069306930693074,48.26388888888889,64.87268518518519,71.75925925925925,45.37037037037037,48.62692519251925,0.1224489795918367,25.0,1.1020408163265305,68.57142857142857,0.3673469387755102,86.96,6.122448979591836,0.2448979591836734,0.979591836734694,1.1020408163265305,1.836734693877551,3.306122448979592,60.0
best_passer_defenders,10,129585,Alessandro Tuia,Osijek,Defender,36,1537.0,22.27722772277228,53.16831683168317,75.07425742574259,48.09027777777778,64.6412037037037,62.96296296296296,69.9074074074074,48.05211771177117,0.0,0.0,1.1711125569290826,47.95705920624594,0.2342225113858165,79.73,4.040338321405335,0.0,1.346779440468445,1.4638906961613534,2.108002602472349,5.504229017566688,65.2542372881356
best_passer_defenders,11,24817153,Iurie Iovu,Istra 1961,Defender,24,1043.0,42.32673267326732,43.366336633663366,85.94059405940594,54.86111111111112,63.19444444444445,52.31481481481481,86.11111111111113,51.45145764576458,0.1725790987535954,66.66666666666667,0.4314477468839885,36.50047938638543,0.3451581975071908,77.3,2.329817833173538,0.0,2.6749760306807286,1.2943432406519657,3.537871524448706,4.14189837008629,65.83333333333333
best_passer_defenders,12,73558,Slavko Bralic,Gorica,Defender,33,924.0,74.66996699669967,56.73267326732673,79.85148514851487,62.15277777777778,63.020833333333336,40.27777777777778,68.05555555555556,47.021452145214525,0.5844155844155844,100.0,1.3636363636363635,46.16883116883117,0.487012987012987,77.22,3.409090909090909,0.0974025974025974,1.5584415584415583,1.8506493506493509,3.603896103896104,7.889610389610389,57.25806451612903
best_passer_defenders,13,23707307,Luka Jelenic,Osijek,Defender,26,2532.0,51.48514851485148,49.9009900990099,82.35148514851485,34.375,62.55787037037036,72.22222222222221,75.46296296296295,71.75673817381738,0.2132701421800948,50.0,1.2085308056872035,48.73222748815166,0.1421800947867298,86.58,1.954976303317536,0.0,1.954976303317536,1.7061611374407584,2.59478672985782,4.585308056872038,58.303886925795055
best_passer_defenders,14,37533537,Novak Tepsic,Varaždin,Defender,24,1115.0,60.80858085808581,42.87128712871287,79.65346534653466,44.09722222222222,62.44212962962963,33.7962962962963,87.73148148148148,46.77805280528053,0.484304932735426,66.66666666666667,0.8878923766816144,42.61883408071749,0.0807174887892376,76.14,3.067264573991032,0.0,2.663677130044843,1.452914798206278,1.6143497757847534,3.309417040358744,64.81481481481481
best_passer_defenders,15,13239047,Mario Mladenovski,Varaždin,Defender,25,937.0,49.009900990099005,60.89108910891089,72.52475247524752,52.77777777777778,62.094907407407405,56.01851851851851,59.25925925925926,47.27585258525853,0.48025613660619,83.33333333333333,0.096051227321238,54.26894343649947,0.192102454642476,80.18,5.474919957310566,0.096051227321238,1.056563500533618,1.536819637139808,2.305229455709712,5.667022411953042,60.294117647058826
best_ball_playing_defenders,1,37545139,Stephane Keller,Istra 1961,Defender,24,694.0,58.333333333333336,63.16831683168316,78.0940594059406,51.73611111111111,72.56944444444444,55.55555555555555,81.94444444444444,55.605060506050606,0.6484149855907781,71.42857142857143,0.5187319884726225,49.79827089337176,0.2593659942363112,82.81,3.5014409221902016,0.2593659942363112,2.4639769452449567,1.2968299711815563,2.334293948126801,2.8530259365994235,63.38028169014085
best_ball_playing_defenders,2,3533873,Ivan Nekic,Varaždin,Defender,25,1596.0,48.67986798679868,60.29702970297031,83.11881188118812,50.34722222222222,72.16435185185185,56.94444444444445,78.7037037037037,55.93784378437844,0.3947368421052631,87.5,0.2819548872180451,54.19172932330827,0.225563909774436,81.48,4.06015037593985,0.056390977443609,1.8609022556390973,1.8045112781954888,2.537593984962406,3.721804511278195,61.224489795918366
best_ball_playing_defenders,3,73887,Leonardo Sigali,Lokomotiva Zagreb,Defender,39,1022.0,47.1947194719472,57.22772277227723,75.14851485148516,37.15277777777778,70.83333333333334,59.25925925925926,75.0,48.4192794279428,0.0880626223091976,50.0,1.2328767123287672,47.465753424657535,0.2641878669275929,85.9,3.522504892367906,0.0,1.8493150684931507,1.4090019569471623,1.4970645792563602,5.724070450097847,62.65060240963855
best_ball_playing_defenders,4,37544959,Moris Valincic,Istra 1961,Defender,23,2619.0,80.03300330033004,64.45544554455446,68.76237623762377,64.93055555555556,69.03935185185185,71.75925925925925,75.92592592592594,68.22469746974699,1.0309278350515465,54.54545454545455,1.7525773195876289,46.63230240549828,0.5154639175257731,84.6,2.405498281786941,0.3092783505154639,1.924398625429553,1.7525773195876289,1.2371134020618555,2.164948453608248,58.44594594594594
best_ball_playing_defenders,5,52801,Dario Maresic,Istra 1961,Defender,26,2911.0,63.03630363036303,67.22772277227723,69.35643564356434,62.15277777777778,67.70833333333334,52.31481481481482,59.72222222222223,61.679042904290434,0.3710065269666781,70.58823529411765,1.205771212641704,58.34077636551013,0.6183442116111302,77.8,6.214359326691858,0.1545860529027825,2.164204740638956,1.0202679491583648,1.6076949501889386,3.462727585022329,56.578947368421055
best_ball_playing_defenders,6,32405608,Ivan Smolcic,Rijeka,Defender,25,1564.0,37.54125412541254,64.35643564356437,78.53960396039604,79.51388888888889,67.70833333333334,48.14814814814815,77.77777777777777,61.05335533553355,0.3452685421994885,35.294117647058826,0.9207161125319692,41.20204603580563,1.0933503836317136,70.39,3.740409207161125,0.5179028132992327,2.129156010230179,2.071611253196931,2.301790281329924,2.647058823529412,57.30994152046784
best_ball_playing_defenders,7,37546618,Raúl Torrente,Dinamo Zagreb,Defender,24,1650.0,13.531353135313532,63.26732673267327,73.30445544554455,45.3125,67.24537037037038,83.33333333333333,61.57407407407408,75.6277502750275,0.0,0.0,0.6545454545454545,62.67272727272727,0.3272727272727272,86.77,3.109090909090909,0.0545454545454545,1.6363636363636365,0.9272727272727272,2.018181818181818,4.418181818181818,66.38655462184875
best_ball_playing_defenders,8,75066,Filip Uremovic,Hajduk Split,Defender,29,2780.0,37.788778877887786,59.4059405940594,79.55445544554455,41.66666666666666,65.50925925925925,68.51851851851852,72.68518518518518,66.06710671067107,0.1942446043165467,50.0,0.5503597122302158,50.24460431654676,0.1618705035971223,83.83,3.0431654676258995,0.1618705035971223,1.683453237410072,1.4568345323741008,3.302158273381295,4.176258992805756,61.92170818505338
best_ball_playing_defenders,9,432894,Maxime Bernauer,Dinamo Zagreb,Defender,28,735.0,28.87788778877888,73.56435643564357,63.069306930693074,48.26388888888889,64.87268518518519,71.75925925925925,45.37037037037037,48.62692519251925,0.1224489795918367,25.0,1.1020408163265305,68.57142857142857,0.3673469387755102,86.96,6.122448979591836,0.2448979591836734,0.979591836734694,1.1020408163265305,1.836734693877551,3.306122448979592,60.0
best_ball_playing_defenders,10,129585,Alessandro Tuia,Osijek,Defender,36,1537.0,22.27722772277228,53.16831683168317,75.07425742574259,48.09027777777778,64.6412037037037,62.96296296296296,69.9074074074074,48.05211771177117,0.0,0.0,1.1711125569290826,47.95705920624594,0.2342225113858165,79.73,4.040338321405335,0.0,1.346779440468445,1.4638906961613534,2.108002602472349,5.504229017566688,65.2542372881356
best_ball_playing_defenders,11,24817153,Iurie Iovu,Istra 1961,Defender,24,1043.0,42.32673267326732,43.366336633663366,85.94059405940594,54.86111111111112,63.19444444444445,52.31481481481481,86.11111111111113,51.45145764576458,0.1725790987535954,66.66666666666667,0.4314477468839885,36.50047938638543,0.3451581975071908,77.3,2.329817833173538,0.0,2.6749760306807286,1.2943432406519657,3.537871524448706,4.14189837008629,65.83333333333333
best_ball_playing_defenders,12,73558,Slavko Bralic,Gorica,Defender,33,924.0,74.66996699669967,56.73267326732673,79.85148514851487,62.15277777777778,63.020833333333336,40.27777777777778,68.05555555555556,47.021452145214525,0.5844155844155844,100.0,1.3636363636363635,46.16883116883117,0.487012987012987,77.22,3.409090909090909,0.0974025974025974,1.5584415584415583,1.8506493506493509,3.603896103896104,7.889610389610389,57.25806451612903
best_ball_playing_defenders,13,23707307,Luka Jelenic,Osijek,Defender,26,2532.0,51.48514851485148,49.9009900990099,82.35148514851485,34.375,62.55787037037036,72.22222222222221,75.46296296296295,71.75673817381738,0.2132701421800948,50.0,1.2085308056872035,48.73222748815166,0.1421800947867298,86.58,1.954976303317536,0.0,1.954976303317536,1.7061611374407584,2.59478672985782,4.585308056872038,58.303886925795055
best_ball_playing_defenders,14,37533537,Novak Tepsic,Varaždin,Defender,24,1115.0,60.80858085808581,42.87128712871287,79.65346534653466,44.09722222222222,62.44212962962963,33.7962962962963,87.73148148148148,46.77805280528053,0.484304932735426,66.66666666666667,0.8878923766816144,42.61883408071749,0.0807174887892376,76.14,3.067264573991032,0.0,2.663677130044843,1.452914798206278,1.6143497757847534,3.309417040358744,64.81481481481481
best_ball_playing_defenders,15,13239047,Mario Mladenovski,Varaždin,Defender,25,937.0,49.009900990099005,60.89108910891089,72.52475247524752,52.77777777777778,62.094907407407405,56.01851851851851,59.25925925925926,47.27585258525853,0.48025613660619,83.33333333333333,0.096051227321238,54.26894343649947,0.192102454642476,80.18,5.474919957310566,0.096051227321238,1.056563500533618,1.536819637139808,2.305229455709712,5.667022411953042,60.294117647058826
best_young_progressive_midfielders,1,37563601,Luka Stojkovic,Dinamo Zagreb,Midfielder,22,1542.0,76.07260726072609,83.66336633663367,50.51980198019802,86.88524590163934,67.89617486338798,75.95628415300546,57.92349726775956,73.00519396201913,1.4591439688715953,52.083333333333336,1.284046692607004,45.93385214007782,3.093385214007782,80.56,2.9766536964980546,2.509727626459144,2.159533073929961,0.7587548638132295,1.517509727626459,0.642023346303502,51.627906976744185
best_young_progressive_midfielders,2,37550680,Martin Baturina,Dinamo Zagreb,Midfielder,23,2380.0,86.63366336633663,82.17821782178218,20.024752475247528,82.37704918032787,48.63387978142077,86.33879781420764,20.21857923497268,60.97224476546014,1.815126050420168,50.526315789473685,2.4201680672268906,47.83613445378151,3.403361344537815,84.82,1.815126050420168,1.4747899159663866,1.134453781512605,0.226890756302521,0.5672268907563025,0.1134453781512605,49.21135646687697
best_young_progressive_midfielders,3,37704799,Adriano Jagusic,Slaven Koprivnica,Midfielder,20,1526.0,75.08250825082509,64.95049504950495,45.915841584158414,77.45901639344262,60.24590163934426,56.28415300546448,62.29508196721312,61.75864307742249,1.474442988204456,40.32258064516129,2.300131061598952,35.32765399737877,1.1205766710353866,76.29,3.479685452162516,0.3538663171690694,2.300131061598952,1.0615989515072084,1.0026212319790302,0.3538663171690694,50.0
best_young_progressive_midfielders,4,37613457,Beyatt Lekoueiry,Istra 1961,Midfielder,21,1036.0,69.3069306930693,43.26732673267327,19.97524752475248,71.31147540983606,23.702185792349727,42.07650273224044,15.846994535519128,42.24151923389059,1.0424710424710424,42.85714285714285,1.7374517374517375,23.8030888030888,1.5637065637065637,72.26,0.9555984555984556,0.2606177606177606,1.2162162162162162,0.4343629343629344,0.5212355212355212,0.7818532818532818,41.935483870967744
best_young_progressive_midfielders,5,37569839,Lukas Kacavenda,Dinamo Zagreb,Midfielder,23,733.0,85.47854785478548,60.4950495049505,47.00495049504951,70.08196721311475,56.4207650273224,65.02732240437159,64.48087431693989,71.89823080668721,1.3506139154160983,50.0,2.946793997271487,36.46657571623465,1.84174624829468,79.46,0.7366984993178718,0.4911323328785811,2.08731241473397,0.9822646657571624,0.859481582537517,0.4911323328785811,54.3859649122807
best_young_progressive_midfielders,6,37324970,Marko Soldo,Osijek,Midfielder,22,2357.0,77.39273927392739,44.45544554455446,63.96039603960396,68.44262295081967,47.06284153005464,40.43715846994535,60.10928961748633,62.8014932640805,1.1073398387781077,51.785714285714285,1.5273652948663556,28.676283411115826,1.2982605006364023,67.91,1.2218922358930844,0.3054730589732711,2.2146796775562154,1.2600763682647431,2.5965210012728046,1.145523971149767,47.160493827160494
best_young_progressive_midfielders,7,37582792,Luka Mamic,Varaždin,Midfielder,23,2003.0,63.28382838283829,50.0990099009901,39.60396039603961,67.62295081967213,31.69398907103825,50.27322404371585,20.765027322404368,50.15094952118163,1.3479780329505742,49.18032786885246,0.8087868197703445,32.30654018971543,1.3030454318522218,75.24,1.2131802296555168,0.1797304043934099,1.1682476285571644,0.6290564153769346,2.0219670494258613,0.943584623065402,42.59927797833935
best_young_progressive_midfielders,8,37616075,Antonio Mauric,Istra 1961,Midfielder,22,1870.0,58.49834983498351,64.55445544554456,52.07920792079208,60.24590163934426,63.93442622950819,72.6775956284153,67.21311475409836,55.90326245739328,0.5294117647058824,55.0,0.8181818181818182,40.33155080213904,0.8663101604278075,82.58,2.406417112299465,0.3368983957219251,2.165775401069519,0.9144385026737968,0.8181818181818182,1.0106951871657754,56.32911392405063
best_young_progressive_midfielders,9,37571660,Simun Mikolcic,Osijek,Midfielder,22,622.0,75.08250825082509,82.97029702970296,71.59653465346534,60.040983606557376,82.65027322404372,52.185792349726775,90.7103825136612,56.09276091543581,0.7234726688102894,55.55555555555556,1.5916398713826367,49.05144694533762,1.302250803858521,80.24,3.472668810289389,1.5916398713826367,2.459807073954984,1.5916398713826367,2.459807073954984,0.7234726688102894,61.72839506172839
best_young_progressive_midfielders,10,37598711,Art Smakaj,Lokomotiva Zagreb,Midfielder,23,2724.0,63.366336633663366,55.44554455445545,47.62376237623762,57.37704918032787,48.63387978142076,61.20218579234973,48.08743169398907,48.17237461451063,0.7599118942731278,54.76190476190476,0.8590308370044053,37.89647577092511,0.7929515418502202,80.47,1.9162995594713657,0.1651982378854625,1.8832599118942728,1.3215859030837005,1.156387665198238,1.1233480176211454,43.9873417721519
best_young_progressive_midfielders,11,37600592,Luka Vrbancic,Lokomotiva Zagreb,Midfielder,21,1668.0,78.63036303630362,60.94059405940593,38.42821782178217,54.71311475409836,47.43852459016394,28.688524590163933,47.540983606557376,50.053968511605255,0.9712230215827338,50.0,2.212230215827338,29.67625899280576,1.1870503597122302,75.82,2.050359712230216,0.8093525179856115,2.158273381294964,0.7014388489208633,0.5935251798561151,0.8633093525179856,47.59825327510917
best_young_progressive_midfielders,12,24838185,Ivan Cubelic,Slaven Koprivnica,Midfielder,23,1546.0,44.38943894389439,66.03960396039604,72.32673267326733,54.50819672131147,70.90163934426229,50.81967213114754,80.32786885245902,50.1428339555267,0.407503234152652,43.75,0.8732212160413971,41.85640362225097,0.815006468305304,75.94,4.249676584734799,0.4657179818887451,2.9107373868046573,2.2703751617076326,2.21216041397154,2.21216041397154,49.549549549549546
best_young_progressive_midfielders,13,28912771,Adrion Pajaziti,Gorica,Midfielder,23,1569.0,86.13861386138613,71.08910891089108,27.995049504950494,48.97540983606557,48.428961748633874,62.56830601092896,30.054644808743166,58.7355948709625,1.089866156787763,54.285714285714285,2.6959847036328872,43.25047801147228,0.745697896749522,88.86,2.237093690248566,0.5736137667304015,1.032504780114723,0.6883365200764818,0.5162523900573613,0.745697896749522,49.46236559139785
best_young_progressive_midfielders,14,32786881,Tomislav Duvnjak,Varaždin,Midfielder,23,1692.0,64.68646864686468,62.87128712871287,63.63861386138614,46.92622950819672,70.49180327868852,54.91803278688525,77.04918032786885,54.77601038792404,0.6382978723404256,37.5,2.6595744680851063,43.56382978723404,0.6382978723404256,82.78,3.297872340425532,0.1595744680851064,2.5531914893617023,1.0638297872340423,1.1170212765957446,2.234042553191489,57.72727272727273
best_young_progressive_midfielders,15,37596443,Rokas Pukstas,Hajduk Split,Midfielder,21,1461.0,78.63036303630363,39.207920792079214,60.2970297029703,45.49180327868852,46.10655737704918,30.601092896174865,63.9344262295082,44.11459178704756,0.8624229979466119,51.851851851851855,2.0328542094455853,30.246406570841888,1.0472279260780288,70.67,0.9240246406570842,0.0616016427104722,2.0328542094455853,1.108829568788501,5.359342915811088,0.4928131416837782,54.09836065573771
best_young_dribblers,1,37550680,Martin Baturina,Dinamo Zagreb,Midfielder,23,2380.0,86.63366336633663,82.17821782178218,20.024752475247528,82.37704918032787,48.63387978142077,86.33879781420764,20.21857923497268,60.97224476546014,1.815126050420168,50.526315789473685,2.4201680672268906,47.83613445378151,3.403361344537815,84.82,1.815126050420168,1.4747899159663866,1.134453781512605,0.226890756302521,0.5672268907563025,0.1134453781512605,49.21135646687697
best_young_dribblers,2,28912771,Adrion Pajaziti,Gorica,Midfielder,23,1569.0,86.13861386138613,71.08910891089108,27.995049504950494,48.97540983606557,48.428961748633874,62.56830601092896,30.054644808743166,58.7355948709625,1.089866156787763,54.285714285714285,2.6959847036328872,43.25047801147228,0.745697896749522,88.86,2.237093690248566,0.5736137667304015,1.032504780114723,0.6883365200764818,0.5162523900573613,0.745697896749522,49.46236559139785
best_young_dribblers,3,37569839,Lukas Kacavenda,Dinamo Zagreb,Midfielder,23,733.0,85.47854785478548,60.4950495049505,47.00495049504951,70.08196721311475,56.4207650273224,65.02732240437159,64.48087431693989,71.89823080668721,1.3506139154160983,50.0,2.946793997271487,36.46657571623465,1.84174624829468,79.46,0.7366984993178718,0.4911323328785811,2.08731241473397,0.9822646657571624,0.859481582537517,0.4911323328785811,54.3859649122807
best_young_dribblers,4,37544959,Moris Valincic,Istra 1961,Defender,23,2619.0,80.03300330033004,64.45544554455446,68.76237623762377,64.93055555555556,69.03935185185185,71.75925925925925,75.92592592592594,68.22469746974699,1.0309278350515465,54.54545454545455,1.7525773195876289,46.63230240549828,0.5154639175257731,84.6,2.405498281786941,0.3092783505154639,1.924398625429553,1.7525773195876289,1.2371134020618555,2.164948453608248,58.44594594594594
best_young_dribblers,5,24838180,Stipe Biuk,Hajduk Split,Attacker,23,904.0,79.86798679867987,43.26732673267327,26.509900990099013,68.18181818181819,56.36363636363636,53.93939393939394,57.27272727272727,47.81368136813681,2.3893805309734515,54.54545454545455,1.2942477876106195,27.278761061946906,1.2942477876106195,69.34,0.5973451327433629,0.497787610619469,0.995575221238938,0.3982300884955752,1.393805309734513,0.2986725663716814,49.21875
best_young_dribblers,6,37694071,Niko Sigur,Hajduk Split,Midfielder,22,1612.0,78.87788778877888,48.01980198019802,54.38118811881189,34.01639344262296,58.87978142076504,57.377049180327866,75.95628415300547,63.99691608505113,0.7816377171215881,53.84615384615385,2.177419354838709,36.23449131513648,0.4466501240694789,84.9,1.1166253101736974,0.1116625310173697,2.9590570719602978,0.9491315136476428,0.8374689826302729,1.0607940446650124,56.48148148148148
best_young_dribblers,7,37596443,Rokas Pukstas,Hajduk Split,Midfielder,21,1461.0,78.63036303630363,39.207920792079214,60.2970297029703,45.49180327868852,46.10655737704918,30.601092896174865,63.9344262295082,44.11459178704756,0.8624229979466119,51.851851851851855,2.0328542094455853,30.246406570841888,1.0472279260780288,70.67,0.9240246406570842,0.0616016427104722,2.0328542094455853,1.108829568788501,5.359342915811088,0.4928131416837782,54.09836065573771
best_young_dribblers,8,37600592,Luka Vrbancic,Lokomotiva Zagreb,Midfielder,21,1668.0,78.63036303630362,60.94059405940593,38.42821782178217,54.71311475409836,47.43852459016394,28.688524590163933,47.540983606557376,50.053968511605255,0.9712230215827338,50.0,2.212230215827338,29.67625899280576,1.1870503597122302,75.82,2.050359712230216,0.8093525179856115,2.158273381294964,0.7014388489208633,0.5935251798561151,0.8633093525179856,47.59825327510917
best_young_dribblers,9,37324970,Marko Soldo,Osijek,Midfielder,22,2357.0,77.39273927392739,44.45544554455446,63.96039603960396,68.44262295081967,47.06284153005464,40.43715846994535,60.10928961748633,62.8014932640805,1.1073398387781077,51.785714285714285,1.5273652948663556,28.676283411115826,1.2982605006364023,67.91,1.2218922358930844,0.3054730589732711,2.2146796775562154,1.2600763682647431,2.5965210012728046,1.145523971149767,47.160493827160494
best_young_dribblers,10,37528365,Nail Omerovic,Osijek,Attacker,23,2264.0,77.22772277227722,51.08910891089109,40.12376237623762,78.18181818181817,70.53030303030303,69.09090909090908,71.51515151515152,57.936993699369935,2.1863957597173145,49.549549549549546,1.431095406360424,29.17844522968198,1.073321554770318,71.8,1.2720848056537102,0.715547703180212,1.6298586572438165,0.9540636042402828,0.5962897526501767,1.78886925795053,44.20062695924765
best_young_dribblers,11,37563601,Luka Stojkovic,Dinamo Zagreb,Midfielder,22,1542.0,76.07260726072609,83.66336633663367,50.51980198019802,86.88524590163934,67.89617486338798,75.95628415300546,57.92349726775956,73.00519396201913,1.4591439688715953,52.083333333333336,1.284046692607004,45.93385214007782,3.093385214007782,80.56,2.9766536964980546,2.509727626459144,2.159533073929961,0.7587548638132295,1.517509727626459,0.642023346303502,51.627906976744185
best_young_dribblers,12,37571660,Simun Mikolcic,Osijek,Midfielder,22,622.0,75.08250825082509,82.97029702970296,71.59653465346534,60.040983606557376,82.65027322404372,52.185792349726775,90.7103825136612,56.09276091543581,0.7234726688102894,55.55555555555556,1.5916398713826367,49.05144694533762,1.302250803858521,80.24,3.472668810289389,1.5916398713826367,2.459807073954984,1.5916398713826367,2.459807073954984,0.7234726688102894,61.72839506172839
best_young_dribblers,13,37704799,Adriano Jagusic,Slaven Koprivnica,Midfielder,20,1526.0,75.08250825082509,64.95049504950495,45.915841584158414,77.45901639344262,60.24590163934426,56.28415300546448,62.29508196721312,61.75864307742249,1.474442988204456,40.32258064516129,2.300131061598952,35.32765399737877,1.1205766710353866,76.29,3.479685452162516,0.3538663171690694,2.300131061598952,1.0615989515072084,1.0026212319790302,0.3538663171690694,50.0
best_young_dribblers,14,37583451,Gabriel Rukavina,Rijeka,Attacker,22,1100.0,73.26732673267327,32.32673267326733,34.04702970297029,48.63636363636363,52.99242424242424,48.78787878787878,63.03030303030303,58.93204320432043,1.0636363636363635,44.82758620689656,1.963636363636364,23.727272727272727,0.7363636363636363,73.1,0.4909090909090909,0.2454545454545454,1.1454545454545455,0.4909090909090909,1.1454545454545455,0.8181818181818182,50.0
best_young_dribblers,15,37619959,Luka Kapulica,Gorica,Midfielder,21,891.0,71.86468646864687,52.07920792079208,40.64356435643565,44.467213114754095,43.44262295081967,43.98907103825136,39.34426229508196,44.622626197045925,1.818181818181818,45.0,1.414141414141414,35.656565656565654,0.7070707070707071,82.44,1.7171717171717171,0.101010101010101,1.2121212121212122,1.5151515151515151,0.8080808080808081,1.3131313131313131,41.26984126984127
best_young_passer_defenders,1,37544959,Moris Valincic,Istra 1961,Defender,23,2619.0,80.03300330033004,64.45544554455446,68.76237623762377,64.93055555555556,69.03935185185185,71.75925925925925,75.92592592592594,68.22469746974699,1.0309278350515465,54.54545454545455,1.7525773195876289,46.63230240549828,0.5154639175257731,84.6,2.405498281786941,0.3092783505154639,1.924398625429553,1.7525773195876289,1.2371134020618555,2.164948453608248,58.44594594594594
best_young_passer_defenders,2,37550997,Moreno Zivkovic,Lokomotiva Zagreb,Defender,22,1212.0,56.848184818481855,53.56435643564356,71.06435643564356,39.93055555555556,59.72222222222222,53.7037037037037,61.11111111111111,47.28891639163916,0.297029702970297,100.0,0.8168316831683168,45.222772277227726,0.3712871287128713,85.22,2.5247524752475248,0.0,1.4851485148514851,1.0396039603960396,2.227722772277228,3.193069306930693,64.28571428571429
best_young_passer_defenders,3,37325018,Emin Hasic,Osijek,Defender,23,1320.0,35.64356435643565,49.9009900990099,78.14356435643563,52.43055555555556,59.201388888888886,53.24074074074073,70.83333333333333,66.79180418041803,0.0681818181818181,50.0,0.6136363636363636,46.5,0.3409090909090909,74.49,3.0,0.0681818181818181,2.590909090909091,1.3636363636363635,2.522727272727273,3.5454545454545454,56.29139072847682
best_young_passer_defenders,4,37596442,Dominik Prpić,Hajduk Split,Defender,22,2461.0,31.43564356435644,59.702970297029694,73.93564356435644,44.79166666666667,59.027777777777786,83.33333333333333,56.94444444444445,55.279152915291526,0.1828524989841528,45.45454545454545,0.4388459975619667,50.0284437220642,0.2925639983746445,88.01,2.230800487606664,0.1097114993904916,1.7553839902478667,1.133685493701747,2.1576594880130027,5.88785046728972,56.48148148148148
best_young_passer_defenders,5,37744101,Agyemang Morrison,Šibenik,Defender,21,2790.0,26.15511551155116,52.57425742574257,70.56930693069307,35.06944444444444,47.51157407407408,52.31481481481482,43.98148148148149,55.00756325632563,0.032258064516129,33.333333333333336,0.9032258064516128,41.354838709677416,0.1935483870967742,82.68,3.419354838709677,0.032258064516129,1.1612903225806452,0.7741935483870968,3.2580645161290325,6.032258064516129,62.87878787878788
best_young_passer_defenders,6,37560492,Ivan Cvijanovic,Osijek,Defender,22,888.0,48.43234323432343,45.54455445544555,73.39108910891089,57.638888888888886,44.56018518518519,44.44444444444445,64.81481481481482,65.38710121012102,0.5067567567567568,45.45454545454545,0.8108108108108109,35.270270270270274,0.2027027027027027,70.4,2.027027027027027,0.6081081081081081,2.939189189189189,1.114864864864865,1.5202702702702702,4.054054054054054,56.0
best_young_passer_defenders,7,37596430,Simun Hrgovic,Hajduk Split,Defender,22,2033.0,40.92409240924092,51.881188118811885,49.48019801980198,68.75,38.83101851851852,55.09259259259259,34.25925925925926,48.32508250825082,0.6197737333989178,42.42424242424242,0.4869650762420069,30.501721593703884,0.8853910477127398,79.39,1.8150516478111165,0.1770782095425479,1.6822429906542056,0.7525823905558289,0.7525823905558289,1.9921298573536643,53.42465753424658
best_young_passer_defenders,8,24837955,Styopa Mkrtchyan,Osijek,Defender,23,1150.0,45.95709570957095,48.71287128712871,58.21782178217822,32.638888888888886,34.72222222222223,50.0,22.222222222222225,36.34282178217822,0.1565217391304348,66.66666666666667,0.6260869565217392,43.35652173913044,0.2347826086956521,84.48,2.1130434782608694,0.0,1.4086956521739131,0.6260869565217392,1.6434782608695653,6.808695652173913,51.06382978723404
best_young_passer_defenders,9,37656551,Jakov Gurlica,Gorica,Defender,22,598.0,48.51485148514851,25.346534653465348,62.574257425742566,53.47222222222223,28.703703703703702,35.18518518518519,39.351851851851855,31.492711771177124,0.451505016722408,100.0,0.0,26.337792642140467,0.1505016722408027,67.43,2.5585284280936453,0.0,1.0535117056856187,1.6555183946488294,2.408026755852843,4.063545150501672,48.14814814814815
best_young_passer_defenders,10,37690641,Filip Kruselj,Slaven Koprivnica,Defender,21,441.0,,,,,,,,,0.6122448979591837,75.0,1.2244897959183674,29.387755102040817,0.2040816326530612,71.53,1.020408163265306,0.8163265306122449,3.4693877551020407,1.4285714285714286,0.4081632653061224,4.285714285714286,57.142857142857146
best_young_passer_defenders,11,37694126,Jovan Ivanisevic,Istra 1961,Defender,21,318.0,,,,,,,,,0.0,0.0,0.5660377358490566,29.71698113207547,0.0,75.24,3.962264150943396,0.0,1.981132075471698,0.5660377358490566,1.4150943396226414,3.679245283018868,50.0
best_young_passer_defenders,12,37596440,Antonio Jakir,Slaven Koprivnica,Defender,23,316.0,,,,,,,,,0.2848101265822785,20.0,1.4240506329113924,43.86075949367088,1.139240506329114,79.22,1.993670886075949,0.2848101265822785,1.7088607594936709,1.139240506329114,1.4240506329113924,3.132911392405063,47.22222222222222
best_young_passer_defenders,13,37570776,Duje Dujmovic,Šibenik,Defender,22,184.0,,,,,,,,,0.0,0.0,0.0,66.52173913043478,0.0,83.82,5.869565217391305,0.0,0.9782608695652174,1.4673913043478262,1.9565217391304348,2.9347826086956523,66.66666666666667
best_young_passer_defenders,14,37656054,Zvonimir Katalinic,Slaven Koprivnica,Defender,22,147.0,,,,,,,,,0.0,0.0,0.0,39.18367346938776,0.0,85.94,2.4489795918367347,0.0,1.836734693877551,0.6122448979591837,1.2244897959183674,3.061224489795918,31.25
best_young_passer_defenders,15,37631427,Irfan Ramic,Istra 1961,Defender,22,116.0,,,,,,,,,0.0,0.0,0.0,17.844827586206897,0.7758620689655172,73.91,0.7758620689655172,0.0,4.655172413793103,1.5517241379310345,0.7758620689655172,0.7758620689655172,53.84615384615385
