player_id,player_name,team_name,position,age,nationality,appearances,minutes,goals,assists,shots,shots_on_target,passes,pass_accuracy,tackles,interceptions,duels,duels_won,yellow_cards,red_cards,rating,dribble_attempts,successful_dribbles,dribbled_past,fouls_drawn,crosses,accurate_crosses,long_balls,accurate_long_balls,key_passes,aerials_won,clearances,saves,saves_inside_box,goals_conceded,clean_sheets,penalties_saved
129013,Marko Livaja,Hajduk Split,Attacker,32,Croatia,35.0,3097.0,19.0,10.0,88.0,40.0,723.0,67.08,18.0,4.0,364.0,161.0,5.0,1.0,7.49,58.0,27.0,10.0,53.0,33.0,7.0,57.0,26.0,46.0,68.0,23.0,0.0,0.0,31.0,12.0,0.0
29992,Ivan Rakitić,Hajduk Split,Midfielder,38,Croatia,35.0,3065.0,2.0,4.0,45.0,10.0,1973.0,81.4,55.0,50.0,263.0,134.0,5.0,0.0,7.45,27.0,5.0,22.0,49.0,225.0,72.0,251.0,126.0,75.0,25.0,31.0,0.0,0.0,33.0,12.0,0.0
1193792,Martin Zlomislic,Rijeka,Goalkeeper,27,Bosnia and Herzegovina,34.0,3054.0,0.0,0.0,0.0,0.0,984.0,66.26,2.0,0.0,20.0,19.0,2.0,0.0,6.86,0.0,0.0,1.0,4.0,0.0,0.0,497.0,167.0,1.0,12.0,28.0,53.0,27.0,21.0,19.0,0.0
73932,Fran Karacic,Lokomotiva Zagreb,Defender,30,Australia,34.0,3030.0,4.0,4.0,58.0,12.0,1210.0,66.61,36.0,36.0,279.0,152.0,7.0,0.0,7.12,39.0,18.0,14.0,19.0,128.0,23.0,317.0,107.0,32.0,83.0,121.0,0.0,0.0,48.0,7.0,0.0
26336984,Niko Jankovic,Rijeka,Midfielder,24,Croatia,34.0,2995.0,8.0,2.0,73.0,23.0,781.0,72.86,53.0,18.0,359.0,163.0,6.0,0.0,7.22,43.0,17.0,30.0,57.0,81.0,23.0,76.0,30.0,40.0,36.0,22.0,0.0,0.0,20.0,20.0,0.0
76452,Zvonimir Subaric,Lokomotiva Zagreb,Goalkeeper,29,Croatia,33.0,2970.0,0.0,0.0,0.0,0.0,844.0,63.74,1.0,0.0,12.0,11.0,3.0,0.0,6.82,0.0,0.0,0.0,6.0,0.0,0.0,457.0,157.0,0.0,5.0,21.0,92.0,66.0,46.0,7.0,1.0
52801,Dario Maresic,Istra 1961,Defender,26,Austria,33.0,2911.0,3.0,0.0,24.0,7.0,1887.0,77.8,70.0,33.0,304.0,172.0,8.0,0.0,7.14,17.0,12.0,20.0,39.0,11.0,5.0,436.0,201.0,20.0,52.0,112.0,0.0,0.0,35.0,11.0,0.0
16488582,Ville Koski,Istra 1961,Defender,24,Finland,34.0,2881.0,0.0,1.0,16.0,2.0,1619.0,83.45,36.0,36.0,246.0,138.0,5.0,0.0,7.08,10.0,4.0,11.0,19.0,7.0,1.0,235.0,98.0,10.0,80.0,168.0,0.0,0.0,30.0,13.0,0.0
76047,Ivan Sušak,Slaven Koprivnica,Goalkeeper,28,Croatia,32.0,2880.0,0.0,0.0,0.0,0.0,890.0,67.64,0.0,0.0,10.0,9.0,2.0,0.0,7.04,0.0,0.0,0.0,6.0,0.0,0.0,450.0,172.0,0.0,3.0,24.0,101.0,70.0,35.0,9.0,2.0
73710,Marko Malenica,Osijek,Goalkeeper,32,Croatia,32.0,2880.0,0.0,0.0,0.0,0.0,840.0,65.95,1.0,0.0,7.0,7.0,0.0,0.0,6.99,0.0,0.0,0.0,2.0,0.0,0.0,439.0,158.0,1.0,5.0,26.0,101.0,68.0,42.0,8.0,0.0
73640,Oliver Zelenika,Varaždin,Goalkeeper,33,Croatia,32.0,2880.0,0.0,0.0,0.0,0.0,967.0,73.84,0.0,0.0,8.0,8.0,2.0,0.0,6.92,0.0,0.0,0.0,5.0,1.0,1.0,413.0,175.0,0.0,4.0,21.0,56.0,40.0,16.0,16.0,0.0
183535,Dejan Petrovic,Rijeka,Midfielder,28,Slovenia,34.0,2878.0,1.0,3.0,14.0,5.0,1012.0,79.64,53.0,29.0,235.0,113.0,6.0,0.0,6.97,10.0,4.0,17.0,26.0,15.0,4.0,153.0,78.0,15.0,31.0,47.0,0.0,0.0,21.0,19.0,0.0
34481476,Roko Jurisic,Osijek,Defender,24,Croatia,33.0,2864.0,3.0,1.0,15.0,6.0,1371.0,79.5,43.0,48.0,242.0,128.0,5.0,0.0,6.98,51.0,20.0,25.0,24.0,50.0,10.0,170.0,72.0,29.0,42.0,71.0,0.0,0.0,47.0,6.0,0.0
74322,Frane Maglica,Varaždin,Defender,29,Croatia,33.0,2827.0,1.0,3.0,7.0,4.0,1057.0,75.88,63.0,28.0,315.0,161.0,2.0,0.0,7.1,69.0,31.0,24.0,19.0,110.0,27.0,126.0,45.0,33.0,47.0,83.0,0.0,0.0,18.0,15.0,0.0
73090,Tomislav Bozic,Slaven Koprivnica,Defender,38,Croatia,32.0,2814.0,3.0,1.0,18.0,6.0,1374.0,79.99,56.0,31.0,281.0,168.0,7.0,0.0,7.23,6.0,2.0,11.0,9.0,6.0,2.0,282.0,134.0,7.0,104.0,155.0,0.0,0.0,32.0,9.0,0.0
37744101,Agyemang Morrison,Šibenik,Defender,21,,32.0,2790.0,2.0,1.0,18.0,5.0,1282.0,82.68,36.0,24.0,264.0,166.0,5.0,0.0,7.02,3.0,1.0,9.0,28.0,5.0,1.0,208.0,106.0,6.0,101.0,187.0,0.0,0.0,49.0,7.0,0.0
17525250,Kresimir Krizmanic,Gorica,Defender,26,Croatia,32.0,2788.0,2.0,0.0,8.0,3.0,1230.0,83.17,59.0,22.0,231.0,130.0,3.0,0.0,7.03,14.0,6.0,15.0,23.0,17.0,6.0,133.0,46.0,5.0,45.0,152.0,0.0,0.0,36.0,11.0,0.0
75066,Filip Uremovic,Hajduk Split,Defender,29,Croatia,31.0,2780.0,2.0,1.0,14.0,5.0,1552.0,83.83,52.0,45.0,281.0,174.0,10.0,0.0,7.19,12.0,6.0,10.0,17.0,17.0,5.0,203.0,94.0,5.0,102.0,129.0,0.0,0.0,29.0,10.0,0.0
73972,Ante Majstorovic,Rijeka,Defender,32,Croatia,32.0,2759.0,0.0,1.0,11.0,4.0,1553.0,81.39,23.0,32.0,213.0,133.0,7.0,0.0,7.11,2.0,2.0,0.0,27.0,4.0,1.0,331.0,131.0,4.0,86.0,137.0,0.0,0.0,19.0,18.0,0.0
1525038,Lovro Majkic,Istra 1961,Goalkeeper,26,Croatia,31.0,2751.0,0.0,0.0,0.0,0.0,726.0,63.77,0.0,0.0,19.0,17.0,2.0,0.0,6.86,1.0,1.0,1.0,11.0,1.0,1.0,373.0,116.0,1.0,6.0,22.0,77.0,50.0,32.0,12.0,1.0
73659,Luka Lucic,Slaven Koprivnica,Midfielder,31,Croatia,31.0,2739.0,1.0,0.0,6.0,1.0,1473.0,73.79,38.0,46.0,235.0,139.0,9.0,0.0,7.08,21.0,10.0,9.0,30.0,116.0,34.0,272.0,111.0,28.0,68.0,114.0,0.0,0.0,38.0,7.0,0.0
37598711,Art Smakaj,Lokomotiva Zagreb,Midfielder,23,Kosovo,32.0,2724.0,2.0,4.0,37.0,10.0,1147.0,80.47,57.0,40.0,316.0,139.0,11.0,0.0,7.02,42.0,23.0,22.0,26.0,14.0,5.0,117.0,58.0,24.0,35.0,34.0,0.0,0.0,36.0,7.0,0.0
37540937,Mateo Lisica,Istra 1961,Attacker,22,Croatia,36.0,2702.0,4.0,5.0,38.0,9.0,611.0,76.6,42.0,16.0,216.0,103.0,0.0,0.0,7.1,53.0,28.0,15.0,22.0,82.0,14.0,28.0,17.0,39.0,13.0,19.0,0.0,0.0,27.0,13.0,0.0
5270359,Silvio Gorican,Lokomotiva Zagreb,Attacker,26,Croatia,33.0,2700.0,6.0,4.0,65.0,25.0,696.0,73.42,27.0,11.0,356.0,124.0,5.0,0.0,6.95,93.0,27.0,20.0,53.0,142.0,36.0,47.0,26.0,51.0,16.0,10.0,0.0,0.0,46.0,7.0,0.0
75000,Antonio Borsic,Varaždin,Defender,30,Croatia,33.0,2680.0,0.0,0.0,13.0,2.0,1270.0,78.43,43.0,30.0,201.0,93.0,3.0,0.0,7.05,20.0,12.0,28.0,16.0,50.0,11.0,182.0,78.0,22.0,25.0,77.0,0.0,0.0,17.0,16.0,0.0
1872745,Mladen Devetak,Rijeka,Defender,27,Serbia,31.0,2657.0,1.0,2.0,11.0,1.0,974.0,72.18,38.0,28.0,231.0,113.0,7.0,0.0,7.01,11.0,2.0,15.0,34.0,56.0,11.0,186.0,62.0,15.0,41.0,77.0,0.0,0.0,19.0,18.0,0.0
37543226,Toni Fruk,Rijeka,Midfielder,25,Croatia,33.0,2645.0,10.0,10.0,72.0,28.0,768.0,73.7,26.0,13.0,393.0,169.0,5.0,1.0,7.42,83.0,39.0,12.0,82.0,58.0,21.0,90.0,49.0,56.0,26.0,6.0,0.0,0.0,17.0,20.0,0.0
37544959,Moris Valincic,Istra 1961,Defender,23,Croatia,33.0,2619.0,1.0,2.0,6.0,3.0,1357.0,84.6,56.0,51.0,296.0,173.0,6.0,0.0,7.14,55.0,30.0,14.0,51.0,40.0,9.0,135.0,70.0,15.0,36.0,63.0,0.0,0.0,26.0,12.0,0.0
54693,Robert Mudrazija,Lokomotiva Zagreb,Midfielder,29,Croatia,33.0,2600.0,14.0,2.0,53.0,20.0,805.0,73.29,33.0,14.0,284.0,134.0,2.0,0.0,7.24,45.0,14.0,18.0,60.0,44.0,9.0,70.0,31.0,37.0,26.0,16.0,0.0,0.0,41.0,6.0,0.0
133342,Lamine Ba,Varaždin,Defender,28,Mauritania,31.0,2590.0,1.0,0.0,8.0,4.0,1389.0,85.6,39.0,37.0,159.0,92.0,9.0,0.0,7.15,11.0,7.0,6.0,8.0,1.0,0.0,183.0,82.0,4.0,39.0,127.0,0.0,0.0,16.0,14.0,0.0
31926,Ivan Santini,Šibenik,Attacker,37,Croatia,31.0,2574.0,7.0,1.0,54.0,20.0,739.0,62.52,18.0,8.0,567.0,294.0,11.0,0.0,7.18,26.0,12.0,7.0,73.0,3.0,0.0,50.0,22.0,18.0,193.0,59.0,0.0,0.0,38.0,7.0,0.0
23707307,Luka Jelenic,Osijek,Defender,26,Croatia,32.0,2532.0,2.0,1.0,13.0,5.0,1371.0,86.58,55.0,48.0,283.0,165.0,6.0,0.0,7.08,12.0,6.0,15.0,34.0,1.0,0.0,147.0,55.0,4.0,73.0,129.0,0.0,0.0,46.0,7.0,0.0
7330,Ivan Lucic,Hajduk Split,Goalkeeper,31,Austria,28.0,2496.0,0.0,0.0,0.0,0.0,880.0,73.52,0.0,0.0,23.0,21.0,2.0,1.0,6.8,0.0,0.0,2.0,9.0,0.0,0.0,360.0,138.0,1.0,14.0,24.0,56.0,34.0,26.0,11.0,0.0
37356247,Ognjen Bakic,Šibenik,Midfielder,23,Montenegro,33.0,2487.0,0.0,0.0,18.0,1.0,952.0,77.21,67.0,18.0,283.0,150.0,7.0,0.0,6.8,39.0,12.0,24.0,50.0,31.0,8.0,115.0,56.0,11.0,24.0,31.0,0.0,0.0,43.0,6.0,0.0
73867,Dominik Kovacic,Slaven Koprivnica,Defender,32,Croatia,29.0,2484.0,2.0,1.0,8.0,2.0,1236.0,85.03,32.0,29.0,186.0,117.0,3.0,1.0,7.02,9.0,6.0,8.0,14.0,3.0,0.0,202.0,100.0,3.0,68.0,132.0,0.0,0.0,29.0,8.0,0.0
73704,Alen Grgic,Slaven Koprivnica,Attacker,31,Croatia,30.0,2478.0,7.0,8.0,56.0,20.0,760.0,73.16,21.0,28.0,238.0,102.0,6.0,0.0,7.29,46.0,13.0,10.0,30.0,82.0,19.0,72.0,34.0,41.0,40.0,31.0,0.0,0.0,27.0,8.0,0.0
73622,Dino Mikanovic,Gorica,Defender,32,Croatia,30.0,2461.0,2.0,0.0,13.0,4.0,732.0,69.81,40.0,25.0,186.0,103.0,3.0,0.0,7.04,20.0,11.0,15.0,30.0,75.0,15.0,146.0,52.0,16.0,22.0,87.0,0.0,0.0,29.0,10.0,0.0
37596442,Dominik Prpić,Hajduk Split,Defender,22,Croatia,30.0,2461.0,0.0,2.0,7.0,2.0,1368.0,88.01,48.0,31.0,216.0,122.0,6.0,0.0,7.17,11.0,5.0,11.0,12.0,5.0,3.0,145.0,61.0,8.0,59.0,161.0,0.0,0.0,25.0,11.0,0.0
74526,Ivan Banic,Gorica,Goalkeeper,31,Croatia,27.0,2430.0,0.0,0.0,0.0,0.0,856.0,56.66,0.0,0.0,21.0,21.0,2.0,0.0,7.03,1.0,1.0,0.0,9.0,0.0,0.0,510.0,150.0,0.0,11.0,39.0,90.0,57.0,28.0,10.0,1.0
462000,Merveil Ndockyt,Gorica,Midfielder,27,Republic of the Congo,33.0,2423.0,1.0,4.0,33.0,10.0,712.0,75.84,39.0,12.0,268.0,111.0,9.0,0.0,6.87,52.0,27.0,21.0,34.0,28.0,8.0,75.0,41.0,30.0,13.0,16.0,0.0,0.0,36.0,11.0,0.0
73448,Marko Pjaca,Dinamo Zagreb,Attacker,31,Croatia,34.0,2384.0,6.0,6.0,57.0,18.0,868.0,81.68,26.0,17.0,207.0,97.0,0.0,0.0,7.27,62.0,29.0,7.0,21.0,65.0,21.0,46.0,31.0,43.0,21.0,14.0,0.0,0.0,27.0,11.0,0.0
37550680,Martin Baturina,Dinamo Zagreb,Midfielder,23,Croatia,33.0,2380.0,4.0,10.0,58.0,23.0,1265.0,84.82,30.0,6.0,317.0,156.0,2.0,0.0,7.57,95.0,48.0,17.0,64.0,114.0,39.0,76.0,48.0,90.0,15.0,3.0,0.0,0.0,32.0,12.0,0.0
74197,Antonio Bosec,Slaven Koprivnica,Defender,28,Croatia,29.0,2380.0,0.0,3.0,9.0,2.0,798.0,76.32,59.0,23.0,261.0,115.0,5.0,0.0,7.02,34.0,15.0,25.0,22.0,101.0,26.0,98.0,39.0,23.0,18.0,59.0,0.0,0.0,32.0,8.0,0.0
12393223,Mateo Les,Gorica,Defender,26,Croatia,28.0,2360.0,0.0,2.0,11.0,2.0,1302.0,88.79,33.0,34.0,187.0,106.0,3.0,0.0,7.05,11.0,9.0,9.0,15.0,7.0,3.0,165.0,86.0,5.0,49.0,98.0,0.0,0.0,37.0,9.0,0.0
37324970,Marko Soldo,Osijek,Midfielder,22,Croatia,35.0,2357.0,6.0,5.0,31.0,13.0,751.0,67.91,58.0,33.0,405.0,191.0,3.0,0.0,7.09,56.0,29.0,17.0,40.0,30.0,8.0,66.0,32.0,34.0,68.0,30.0,0.0,0.0,34.0,8.0,0.0
74023,Leonard Žuta,Šibenik,Defender,33,Macedonia,28.0,2339.0,1.0,1.0,14.0,6.0,856.0,78.62,24.0,19.0,148.0,85.0,4.0,0.0,6.87,9.0,4.0,8.0,17.0,41.0,14.0,141.0,68.0,9.0,41.0,92.0,0.0,0.0,41.0,7.0,0.0
496680,Arnel Jakupovic,Osijek,Attacker,28,Austria,27.0,2315.0,9.0,3.0,49.0,18.0,465.0,69.68,10.0,4.0,219.0,84.0,5.0,0.0,7.1,22.0,8.0,6.0,27.0,35.0,8.0,25.0,11.0,23.0,44.0,26.0,0.0,0.0,34.0,8.0,0.0
96854,Ronaël Pierre-Gabriel,Dinamo Zagreb,Defender,28,France,28.0,2288.0,3.0,2.0,22.0,7.0,1115.0,85.29,53.0,24.0,215.0,111.0,9.0,0.0,7.11,46.0,21.0,18.0,17.0,52.0,15.0,79.0,40.0,24.0,22.0,56.0,0.0,0.0,28.0,8.0,0.0
74274,Mario Marina,Varaždin,Midfielder,36,Bosnia and Herzegovina,29.0,2277.0,0.0,0.0,13.0,2.0,1031.0,78.37,80.0,35.0,269.0,144.0,8.0,0.0,7.08,11.0,6.0,24.0,10.0,5.0,1.0,140.0,55.0,12.0,51.0,55.0,0.0,0.0,14.0,14.0,0.0
37658787,Feta Fetai,Lokomotiva Zagreb,Midfielder,21,Macedonia,30.0,2270.0,0.0,0.0,12.0,2.0,688.0,73.98,85.0,45.0,274.0,151.0,14.0,0.0,6.93,13.0,3.0,21.0,37.0,5.0,1.0,96.0,35.0,9.0,26.0,34.0,0.0,0.0,38.0,5.0,0.0
37528365,Nail Omerovic,Osijek,Attacker,23,Bosnia and Herzegovina,33.0,2264.0,4.0,4.0,44.0,16.0,734.0,71.8,41.0,24.0,319.0,141.0,7.0,0.0,7.0,111.0,55.0,19.0,36.0,95.0,18.0,81.0,32.0,27.0,15.0,45.0,0.0,0.0,33.0,6.0,0.0
73585,Denis Kolinger,Lokomotiva Zagreb,Defender,32,Croatia,28.0,2262.0,1.0,0.0,11.0,2.0,1233.0,80.21,36.0,46.0,232.0,139.0,9.0,0.0,7.01,8.0,5.0,11.0,11.0,0.0,0.0,194.0,79.0,2.0,88.0,131.0,0.0,0.0,33.0,5.0,0.0
73871,Filip Krovinovic,Hajduk Split,Midfielder,30,Croatia,33.0,2240.0,3.0,0.0,31.0,6.0,1250.0,84.56,40.0,30.0,175.0,103.0,1.0,0.0,7.03,8.0,3.0,14.0,25.0,14.0,4.0,79.0,34.0,18.0,36.0,22.0,0.0,0.0,21.0,11.0,0.0
73519,Josip Misic,Dinamo Zagreb,Midfielder,32,Croatia,25.0,2168.0,0.0,2.0,29.0,3.0,1316.0,84.95,48.0,32.0,176.0,95.0,5.0,0.0,7.25,13.0,7.0,16.0,17.0,33.0,10.0,178.0,109.0,20.0,27.0,37.0,0.0,0.0,22.0,12.0,0.0
74071,Ivan Nevistic,Dinamo Zagreb,Goalkeeper,27,Croatia,24.0,2160.0,0.0,0.0,0.0,0.0,708.0,84.18,0.0,0.0,8.0,5.0,0.0,0.0,6.68,0.0,0.0,1.0,2.0,0.0,0.0,198.0,90.0,0.0,4.0,10.0,38.0,29.0,27.0,9.0,0.0
62670,Ljuban Crepulja,Slaven Koprivnica,Midfielder,32,Croatia,30.0,2154.0,1.0,2.0,12.0,3.0,1234.0,85.25,49.0,14.0,180.0,91.0,1.0,0.0,7.15,14.0,5.0,27.0,13.0,67.0,17.0,136.0,90.0,30.0,24.0,31.0,0.0,0.0,23.0,7.0,0.0
2890,Kévin Théophile-Catherine,Dinamo Zagreb,Defender,36,France,25.0,2145.0,2.0,1.0,17.0,5.0,1524.0,83.66,26.0,26.0,162.0,87.0,6.0,0.0,7.13,4.0,3.0,8.0,15.0,17.0,7.0,236.0,87.0,15.0,46.0,80.0,0.0,0.0,24.0,8.0,0.0
73145,Šime Gržan,Šibenik,Attacker,32,Croatia,27.0,2116.0,3.0,2.0,19.0,5.0,732.0,71.17,44.0,24.0,172.0,82.0,3.0,0.0,7.0,36.0,16.0,21.0,14.0,109.0,38.0,109.0,37.0,37.0,14.0,34.0,0.0,0.0,41.0,3.0,0.0
7745870,Dimitar Mitrovski,Varaždin,Attacker,27,Macedonia,28.0,2111.0,8.0,1.0,54.0,20.0,688.0,78.05,41.0,13.0,293.0,147.0,6.0,0.0,7.36,82.0,37.0,16.0,61.0,71.0,21.0,81.0,51.0,41.0,7.0,14.0,0.0,0.0,17.0,12.0,0.0
74849,Ivan Bozic,Šibenik,Attacker,29,Croatia,31.0,2058.0,2.0,2.0,36.0,13.0,347.0,68.59,12.0,5.0,239.0,96.0,7.0,0.0,6.74,51.0,16.0,6.0,40.0,46.0,7.0,30.0,15.0,17.0,29.0,21.0,0.0,0.0,36.0,7.0,0.0
68104,Advan Kadusic,Istra 1961,Defender,28,Bosnia and Herzegovina,31.0,2052.0,0.0,2.0,11.0,4.0,786.0,73.66,45.0,10.0,212.0,84.0,6.0,1.0,6.79,22.0,11.0,32.0,11.0,36.0,11.0,91.0,31.0,14.0,18.0,32.0,0.0,0.0,24.0,12.0,0.0
37596430,Simun Hrgovic,Hajduk Split,Defender,22,Croatia,29.0,2033.0,0.0,5.0,15.0,4.0,689.0,79.39,38.0,17.0,146.0,78.0,1.0,0.0,6.97,33.0,14.0,10.0,11.0,38.0,4.0,88.0,41.0,20.0,17.0,45.0,0.0,0.0,17.0,11.0,0.0
46031,Marcel Heister,Istra 1961,Defender,33,Germany,29.0,2004.0,1.0,2.0,28.0,2.0,666.0,78.38,67.0,31.0,254.0,137.0,9.0,0.0,7.07,38.0,19.0,25.0,23.0,58.0,14.0,87.0,36.0,15.0,29.0,77.0,0.0,0.0,23.0,10.0,0.0
37582792,Luka Mamic,Varaždin,Midfielder,23,Croatia,30.0,2003.0,3.0,4.0,29.0,13.0,719.0,75.24,26.0,14.0,277.0,118.0,1.0,1.0,7.03,61.0,30.0,10.0,18.0,13.0,4.0,52.0,27.0,29.0,45.0,21.0,3.0,0.0,13.0,10.0,0.0
4536487,Tiago Dantas,Osijek,Midfielder,25,Portugal,26.0,1996.0,1.0,2.0,29.0,9.0,1132.0,87.37,13.0,13.0,114.0,45.0,6.0,0.0,7.09,23.0,8.0,16.0,20.0,76.0,20.0,131.0,80.0,35.0,4.0,11.0,0.0,0.0,28.0,7.0,0.0
37742,Stefan Peric,Šibenik,Defender,29,Austria,29.0,1982.0,1.0,0.0,9.0,6.0,751.0,80.03,34.0,22.0,163.0,97.0,6.0,0.0,6.85,22.0,10.0,14.0,14.0,45.0,16.0,141.0,67.0,17.0,38.0,71.0,0.0,0.0,28.0,7.0,0.0
10967324,Lindon Selahi,Rijeka,Midfielder,27,Albania,30.0,1956.0,1.0,1.0,19.0,3.0,837.0,86.86,45.0,30.0,144.0,87.0,5.0,1.0,6.87,18.0,6.0,11.0,14.0,3.0,0.0,75.0,44.0,9.0,25.0,36.0,0.0,0.0,14.0,17.0,0.0
540173,Sandro Kulenovic,Dinamo Zagreb,Attacker,26,Croatia,35.0,1910.0,15.0,0.0,74.0,33.0,461.0,73.1,15.0,5.0,237.0,111.0,1.0,0.0,7.29,26.0,10.0,10.0,25.0,11.0,1.0,15.0,9.0,22.0,63.0,18.0,0.0,0.0,22.0,12.0,0.0
47589,Stjepan Radeljic,Rijeka,Defender,28,Bosnia and Herzegovina,27.0,1901.0,2.0,1.0,16.0,6.0,1189.0,78.89,26.0,21.0,150.0,87.0,5.0,0.0,7.23,6.0,2.0,7.0,21.0,9.0,4.0,292.0,130.0,13.0,39.0,126.0,0.0,0.0,11.0,18.0,0.0
74022,Stefan Ristovski,Dinamo Zagreb,Defender,34,Macedonia,28.0,1891.0,2.0,2.0,22.0,3.0,1273.0,86.88,24.0,16.0,170.0,96.0,9.0,0.0,7.12,17.0,7.0,10.0,30.0,64.0,16.0,128.0,71.0,19.0,37.0,42.0,0.0,0.0,19.0,12.0,0.0
21404328,Antonio Đaković,Šibenik,Goalkeeper,25,Croatia,21.0,1890.0,0.0,0.0,0.0,0.0,565.0,67.26,0.0,0.0,3.0,3.0,4.0,0.0,6.88,1.0,1.0,0.0,1.0,0.0,0.0,357.0,175.0,0.0,2.0,24.0,57.0,33.0,36.0,5.0,0.0
73844,Marko Dabro,Varaždin,Attacker,29,Croatia,34.0,1884.0,1.0,2.0,51.0,15.0,332.0,76.81,11.0,1.0,186.0,85.0,3.0,0.0,6.87,26.0,12.0,6.0,38.0,1.0,1.0,10.0,6.0,19.0,27.0,2.0,0.0,0.0,10.0,15.0,0.0
37616075,Antonio Mauric,Istra 1961,Midfielder,22,Croatia,26.0,1870.0,0.0,4.0,22.0,7.0,838.0,82.58,45.0,19.0,158.0,89.0,4.0,0.0,7.09,20.0,11.0,10.0,17.0,32.0,7.0,84.0,50.0,18.0,17.0,21.0,0.0,0.0,20.0,12.0,0.0
19624018,Adrian Liber,Slaven Koprivnica,Midfielder,25,Croatia,28.0,1866.0,2.0,1.0,30.0,10.0,574.0,73.87,31.0,11.0,213.0,87.0,4.0,0.0,6.84,47.0,16.0,22.0,24.0,37.0,6.0,37.0,16.0,14.0,12.0,17.0,0.0,0.0,27.0,8.0,0.0
73913,Ilija Nestorovski,Slaven Koprivnica,Attacker,36,Macedonia,23.0,1866.0,7.0,2.0,59.0,27.0,528.0,63.64,19.0,4.0,282.0,124.0,6.0,0.0,7.29,11.0,8.0,7.0,42.0,12.0,1.0,63.0,34.0,15.0,58.0,24.0,0.0,0.0,18.0,9.0,0.0
37535538,Luka Dajcer,Lokomotiva Zagreb,Defender,25,Croatia,24.0,1845.0,1.0,0.0,9.0,2.0,962.0,76.82,30.0,27.0,174.0,107.0,3.0,0.0,6.93,23.0,13.0,9.0,17.0,22.0,7.0,189.0,73.0,9.0,47.0,91.0,0.0,0.0,29.0,4.0,0.0
527767,Naïs Djouahra,Rijeka,Attacker,26,France,28.0,1823.0,4.0,4.0,45.0,12.0,501.0,75.45,25.0,13.0,192.0,79.0,1.0,0.0,7.11,85.0,38.0,19.0,8.0,112.0,29.0,33.0,14.0,34.0,8.0,9.0,0.0,0.0,14.0,15.0,0.0
97414,Ismaël Diallo,Hajduk Split,Defender,29,Ivory Coast,25.0,1811.0,1.0,1.0,7.0,1.0,689.0,76.63,60.0,26.0,240.0,134.0,8.0,1.0,6.92,39.0,16.0,18.0,31.0,42.0,8.0,95.0,44.0,9.0,28.0,37.0,0.0,0.0,16.0,11.0,0.0
34398,Roberto Puncec,Šibenik,Defender,34,Croatia,20.0,1772.0,0.0,0.0,5.0,1.0,835.0,82.99,16.0,20.0,90.0,53.0,4.0,0.0,6.81,2.0,1.0,5.0,6.0,0.0,0.0,126.0,55.0,4.0,31.0,85.0,0.0,0.0,36.0,4.0,0.0
72677,Vedran Jugovic,Osijek,Midfielder,36,Croatia,30.0,1766.0,2.0,0.0,17.0,5.0,686.0,86.88,24.0,27.0,122.0,56.0,8.0,1.0,6.84,10.0,4.0,14.0,7.0,13.0,3.0,49.0,25.0,9.0,21.0,26.0,0.0,0.0,26.0,7.0,0.0
74127,Anthony Kalik,Hajduk Split,Midfielder,28,Australia,31.0,1742.0,3.0,1.0,26.0,8.0,357.0,69.19,19.0,3.0,194.0,65.0,6.0,0.0,6.78,18.0,4.0,8.0,19.0,12.0,3.0,29.0,15.0,18.0,21.0,8.0,0.0,0.0,17.0,12.0,0.0
37697289,Salim Fago Lawal,Istra 1961,Attacker,23,Nigeria,29.0,1724.0,4.0,0.0,51.0,15.0,382.0,64.92,5.0,4.0,259.0,79.0,2.0,0.0,6.78,56.0,14.0,6.0,15.0,39.0,4.0,15.0,9.0,9.0,45.0,25.0,0.0,0.0,22.0,8.0,0.0
72702,M. Maloča,Gorica,Defender,37,Croatia,19.0,1706.0,0.0,0.0,8.0,1.0,894.0,84.12,20.0,12.0,115.0,70.0,2.0,0.0,6.98,1.0,1.0,6.0,12.0,1.0,1.0,133.0,55.0,1.0,38.0,115.0,0.0,0.0,24.0,4.0,0.0
9302755,Ivan Dolcek,Slaven Koprivnica,Attacker,26,Croatia,31.0,1701.0,3.0,2.0,37.0,12.0,433.0,76.21,27.0,10.0,228.0,95.0,2.0,0.0,6.89,67.0,27.0,10.0,27.0,38.0,10.0,26.0,16.0,23.0,13.0,4.0,0.0,0.0,23.0,8.0,0.0
32786881,Tomislav Duvnjak,Varaždin,Midfielder,23,Croatia,29.0,1692.0,1.0,0.0,8.0,2.0,819.0,82.78,48.0,20.0,220.0,127.0,8.0,0.0,6.96,32.0,12.0,18.0,50.0,17.0,3.0,120.0,62.0,12.0,21.0,42.0,0.0,0.0,11.0,11.0,0.0
37600592,Luka Vrbancic,Lokomotiva Zagreb,Midfielder,21,Croatia,26.0,1668.0,3.0,0.0,28.0,13.0,550.0,75.82,40.0,13.0,229.0,109.0,4.0,0.0,6.96,36.0,18.0,13.0,41.0,52.0,15.0,77.0,38.0,22.0,11.0,16.0,0.0,0.0,27.0,5.0,0.0
37546618,Raúl Torrente,Dinamo Zagreb,Defender,24,Spain,21.0,1650.0,2.0,1.0,18.0,7.0,1149.0,86.77,30.0,17.0,119.0,79.0,3.0,0.0,7.22,0.0,0.0,6.0,12.0,1.0,1.0,144.0,57.0,6.0,37.0,81.0,0.0,0.0,21.0,7.0,0.0
37551107,Leon Belcar,Varaždin,Midfielder,24,Croatia,20.0,1624.0,3.0,0.0,24.0,4.0,743.0,80.89,26.0,25.0,151.0,88.0,5.0,0.0,7.24,24.0,10.0,6.0,35.0,11.0,1.0,131.0,78.0,19.0,17.0,25.0,0.0,0.0,10.0,10.0,0.0
37694071,Niko Sigur,Hajduk Split,Midfielder,22,Canada,28.0,1612.0,3.0,1.0,17.0,6.0,649.0,84.9,53.0,17.0,216.0,122.0,6.0,0.0,6.99,26.0,14.0,14.0,39.0,10.0,2.0,38.0,20.0,8.0,15.0,19.0,0.0,0.0,21.0,9.0,0.0
72857,Duje Cop,Rijeka,Attacker,36,Croatia,18.0,1608.0,6.0,2.0,47.0,24.0,338.0,62.43,14.0,3.0,164.0,55.0,1.0,0.0,7.2,18.0,6.0,10.0,16.0,10.0,2.0,13.0,5.0,14.0,19.0,9.0,0.0,0.0,27.0,3.0,0.0
74090,Valentino Majstorovic,Gorica,Defender,30,Croatia,29.0,1602.0,0.0,0.0,8.0,2.0,415.0,68.19,38.0,13.0,261.0,125.0,0.0,0.0,6.71,44.0,20.0,12.0,42.0,29.0,6.0,55.0,10.0,13.0,27.0,39.0,0.0,0.0,24.0,8.0,0.0
3533873,Ivan Nekic,Varaždin,Defender,25,Croatia,18.0,1596.0,0.0,0.0,7.0,1.0,961.0,81.48,33.0,32.0,147.0,90.0,2.0,0.0,7.28,8.0,7.0,5.0,5.0,3.0,1.0,185.0,72.0,4.0,45.0,66.0,0.0,0.0,13.0,9.0,0.0
56643,Dario Melnjak,Hajduk Split,Defender,33,Croatia,32.0,1596.0,0.0,1.0,16.0,2.0,638.0,74.92,31.0,26.0,107.0,69.0,0.0,0.0,6.96,11.0,5.0,8.0,10.0,52.0,13.0,96.0,35.0,17.0,24.0,40.0,0.0,0.0,19.0,11.0,0.0
28912771,Adrion Pajaziti,Gorica,Midfielder,23,Albania,23.0,1569.0,3.0,0.0,11.0,7.0,754.0,88.86,18.0,12.0,186.0,92.0,2.0,0.0,6.96,35.0,19.0,18.0,47.0,28.0,10.0,68.0,39.0,13.0,9.0,13.0,0.0,0.0,24.0,9.0,0.0
32405608,Ivan Smolcic,Rijeka,Defender,25,Croatia,18.0,1564.0,1.0,2.0,19.0,3.0,716.0,70.39,37.0,36.0,171.0,98.0,4.0,0.0,7.42,17.0,6.0,6.0,16.0,30.0,9.0,145.0,65.0,19.0,40.0,46.0,0.0,0.0,8.0,11.0,0.0
24838185,Ivan Cubelic,Slaven Koprivnica,Midfielder,23,Croatia,27.0,1546.0,0.0,1.0,21.0,6.0,719.0,75.94,50.0,39.0,222.0,110.0,6.0,0.0,6.95,16.0,7.0,37.0,15.0,37.0,8.0,129.0,73.0,14.0,38.0,38.0,0.0,0.0,22.0,7.0,0.0
37287242,Ivan Laća,Šibenik,Attacker,23,Croatia,30.0,1545.0,3.0,4.0,40.0,10.0,469.0,67.8,27.0,19.0,139.0,68.0,0.0,0.0,6.93,15.0,6.0,4.0,16.0,28.0,11.0,71.0,29.0,16.0,25.0,16.0,0.0,0.0,22.0,4.0,0.0
37563601,Luka Stojkovic,Dinamo Zagreb,Midfielder,22,Croatia,26.0,1542.0,6.0,5.0,49.0,20.0,787.0,80.56,37.0,13.0,215.0,111.0,3.0,0.0,7.59,48.0,25.0,24.0,22.0,143.0,43.0,73.0,51.0,53.0,26.0,11.0,0.0,0.0,15.0,8.0,0.0
129585,Alessandro Tuia,Osijek,Defender,36,Italy,18.0,1537.0,0.0,1.0,7.0,0.0,819.0,79.73,23.0,25.0,118.0,77.0,6.0,0.0,6.98,2.0,0.0,4.0,20.0,0.0,0.0,182.0,69.0,4.0,36.0,94.0,0.0,0.0,23.0,4.0,0.0
37581526,Domagoj Bukvic,Osijek,Attacker,22,Croatia,30.0,1528.0,0.0,3.0,24.0,7.0,423.0,75.65,43.0,13.0,212.0,94.0,3.0,0.0,6.85,45.0,21.0,27.0,18.0,45.0,10.0,33.0,13.0,17.0,9.0,13.0,0.0,0.0,20.0,7.0,0.0
37704799,Adriano Jagusic,Slaven Koprivnica,Midfielder,20,Croatia,27.0,1526.0,3.0,3.0,32.0,7.0,599.0,76.29,39.0,18.0,238.0,119.0,3.0,0.0,7.03,62.0,25.0,14.0,39.0,47.0,6.0,82.0,59.0,19.0,17.0,6.0,0.0,0.0,17.0,6.0,0.0
37332624,Giorgi Gagua,Istra 1961,Attacker,24,Georgia,28.0,1524.0,3.0,2.0,28.0,8.0,350.0,68.57,21.0,6.0,254.0,128.0,5.0,0.0,7.01,27.0,14.0,6.0,60.0,6.0,1.0,13.0,7.0,25.0,37.0,17.0,0.0,0.0,19.0,11.0,0.0
530693,Hrvoje Babec,Osijek,Midfielder,26,Croatia,18.0,1522.0,1.0,2.0,9.0,3.0,907.0,83.35,29.0,24.0,143.0,78.0,2.0,0.0,7.22,7.0,5.0,16.0,5.0,6.0,2.0,98.0,50.0,8.0,40.0,45.0,0.0,0.0,24.0,3.0,0.0
74182,T. Halilović,Gorica,Midfielder,31,Croatia,20.0,1519.0,2.0,0.0,19.0,5.0,772.0,82.9,26.0,23.0,111.0,65.0,2.0,0.0,7.11,22.0,10.0,5.0,17.0,42.0,15.0,98.0,47.0,19.0,13.0,38.0,0.0,0.0,21.0,8.0,0.0
3568423,Michele Sego,Varaždin,Attacker,25,Croatia,18.0,1517.0,4.0,3.0,54.0,18.0,457.0,76.37,8.0,9.0,205.0,92.0,1.0,0.0,7.51,58.0,22.0,3.0,43.0,93.0,24.0,51.0,33.0,36.0,15.0,14.0,0.0,0.0,11.0,9.0,0.0
21072870,Jurica Prsir,Gorica,Midfielder,26,Croatia,20.0,1511.0,3.0,2.0,22.0,9.0,871.0,82.89,57.0,21.0,243.0,120.0,4.0,0.0,7.2,28.0,11.0,21.0,33.0,81.0,26.0,91.0,47.0,23.0,22.0,27.0,0.0,0.0,25.0,4.0,0.0
51829,Marin Leovac,Lokomotiva Zagreb,Defender,37,Croatia,20.0,1503.0,0.0,0.0,4.0,1.0,767.0,73.01,27.0,27.0,121.0,57.0,7.0,0.0,6.84,12.0,4.0,13.0,13.0,52.0,12.0,121.0,37.0,12.0,13.0,43.0,0.0,0.0,24.0,3.0,0.0
37660075,Ante Kavelj,Šibenik,Midfielder,20,Croatia,23.0,1501.0,1.0,0.0,12.0,4.0,406.0,66.75,28.0,27.0,147.0,76.0,1.0,0.0,6.81,4.0,2.0,14.0,10.0,16.0,5.0,52.0,23.0,10.0,37.0,27.0,0.0,0.0,24.0,4.0,0.0
455998,Mihail Caimacov,Slaven Koprivnica,Midfielder,27,Moldova,28.0,1491.0,0.0,1.0,16.0,3.0,549.0,81.06,27.0,12.0,210.0,93.0,6.0,0.0,6.79,37.0,16.0,21.0,39.0,32.0,10.0,56.0,33.0,23.0,13.0,12.0,0.0,0.0,20.0,6.0,0.0
73639,Marko Kolar,Gorica,Attacker,31,Croatia,24.0,1489.0,5.0,1.0,31.0,14.0,267.0,75.66,9.0,3.0,128.0,57.0,4.0,0.0,7.01,16.0,5.0,6.0,23.0,0.0,0.0,15.0,9.0,12.0,19.0,16.0,0.0,0.0,19.0,5.0,0.0
37596443,Rokas Pukstas,Hajduk Split,Midfielder,21,United States,30.0,1461.0,1.0,1.0,28.0,5.0,491.0,70.67,33.0,18.0,305.0,165.0,5.0,0.0,6.96,27.0,14.0,9.0,33.0,6.0,1.0,27.0,15.0,17.0,87.0,8.0,0.0,0.0,18.0,9.0,0.0
4187891,Toni Kolega,Šibenik,Attacker,27,Croatia,25.0,1460.0,0.0,1.0,9.0,1.0,501.0,57.68,42.0,22.0,130.0,79.0,1.0,0.0,6.79,18.0,6.0,11.0,21.0,30.0,6.0,126.0,30.0,8.0,10.0,29.0,0.0,0.0,27.0,6.0,0.0
198710,Petar Pusic,Osijek,Midfielder,27,Switzerland,27.0,1454.0,3.0,3.0,28.0,9.0,781.0,85.92,12.0,5.0,119.0,43.0,3.0,0.0,6.99,31.0,17.0,3.0,10.0,57.0,19.0,62.0,47.0,30.0,5.0,4.0,0.0,0.0,23.0,7.0,0.0
37667026,Igor Lepinjica,Slaven Koprivnica,Attacker,26,Croatia,25.0,1397.0,2.0,1.0,20.0,7.0,373.0,73.46,25.0,5.0,226.0,87.0,2.0,0.0,6.86,35.0,14.0,12.0,22.0,12.0,3.0,20.0,12.0,13.0,27.0,5.0,0.0,0.0,15.0,8.0,0.0
7346393,Aleksa Latkovic,Varaždin,Midfielder,25,Montenegro,25.0,1392.0,2.0,0.0,22.0,8.0,394.0,73.86,35.0,8.0,206.0,92.0,3.0,0.0,6.78,60.0,29.0,10.0,23.0,22.0,5.0,20.0,10.0,16.0,3.0,4.0,3.0,0.0,11.0,9.0,0.0
84515,Gregor Sikosek,Gorica,Defender,32,Slovenia,16.0,1381.0,0.0,1.0,6.0,1.0,407.0,69.78,37.0,11.0,149.0,80.0,3.0,0.0,6.91,13.0,7.0,17.0,17.0,26.0,6.0,63.0,22.0,7.0,20.0,41.0,0.0,0.0,22.0,6.0,0.0
3862681,Marco Pašalić,Rijeka,Attacker,25,Croatia,19.0,1372.0,4.0,3.0,45.0,17.0,382.0,76.18,18.0,9.0,168.0,74.0,2.0,0.0,7.24,61.0,30.0,18.0,16.0,59.0,17.0,45.0,31.0,22.0,10.0,2.0,0.0,0.0,7.0,13.0,0.0
183400,Lovro Cvek,Šibenik,Midfielder,31,Croatia,16.0,1354.0,0.0,0.0,9.0,1.0,598.0,75.75,26.0,13.0,131.0,67.0,3.0,1.0,6.84,6.0,5.0,9.0,20.0,13.0,4.0,139.0,67.0,6.0,16.0,58.0,0.0,0.0,24.0,2.0,0.0
37512280,Niko Galesic,Rijeka,Defender,25,Croatia,16.0,1338.0,2.0,1.0,9.0,4.0,764.0,82.46,20.0,22.0,112.0,59.0,3.0,1.0,7.27,6.0,5.0,4.0,12.0,3.0,0.0,171.0,86.0,5.0,22.0,49.0,0.0,0.0,5.0,12.0,0.0
37325018,Emin Hasic,Osijek,Defender,23,Sweden,15.0,1320.0,2.0,1.0,4.0,3.0,682.0,74.49,38.0,20.0,151.0,85.0,5.0,0.0,7.09,2.0,1.0,19.0,9.0,6.0,1.0,119.0,44.0,5.0,37.0,52.0,0.0,0.0,17.0,5.0,0.0
37529453,Elvir Durakovic,Šibenik,Defender,26,Bosnia and Herzegovina,17.0,1315.0,0.0,1.0,12.0,3.0,440.0,67.05,30.0,9.0,141.0,80.0,1.0,0.0,7.0,38.0,16.0,6.0,23.0,62.0,20.0,86.0,32.0,20.0,12.0,50.0,0.0,0.0,19.0,2.0,0.0
540670,Iker Pozo,Šibenik,Midfielder,25,Spain,19.0,1302.0,0.0,0.0,7.0,1.0,531.0,80.23,39.0,20.0,179.0,105.0,7.0,0.0,7.01,27.0,15.0,6.0,26.0,7.0,2.0,41.0,19.0,6.0,26.0,29.0,0.0,0.0,17.0,2.0,0.0
73489,Ivan Filipovic,Dinamo Zagreb,Goalkeeper,31,Croatia,14.0,1260.0,0.0,0.0,1.0,0.0,420.0,68.1,0.0,0.0,5.0,4.0,2.0,0.0,6.77,1.0,0.0,0.0,1.0,0.0,0.0,236.0,106.0,0.0,3.0,18.0,32.0,21.0,19.0,2.0,0.0
37356253,Dušan Vuković,Lokomotiva Zagreb,Attacker,23,Montenegro,24.0,1259.0,2.0,3.0,26.0,12.0,274.0,67.88,26.0,15.0,189.0,81.0,2.0,0.0,6.86,46.0,20.0,5.0,15.0,17.0,5.0,16.0,5.0,9.0,21.0,11.0,0.0,0.0,23.0,4.0,0.0
21054114,Bartol Franjic,Dinamo Zagreb,Defender,26,Croatia,15.0,1254.0,0.0,1.0,12.0,3.0,657.0,85.24,21.0,18.0,127.0,68.0,3.0,0.0,7.12,34.0,12.0,5.0,15.0,28.0,6.0,53.0,16.0,13.0,23.0,29.0,0.0,0.0,13.0,7.0,0.0
1486200,Arbër Hoxha,Dinamo Zagreb,Attacker,27,Kosovo,31.0,1254.0,3.0,3.0,32.0,15.0,391.0,87.47,12.0,10.0,159.0,69.0,1.0,0.0,6.94,51.0,25.0,8.0,21.0,39.0,7.0,15.0,11.0,16.0,12.0,3.0,0.0,0.0,19.0,10.0,0.0
62765,Samy Mmaee,Dinamo Zagreb,Defender,29,Morocco,15.0,1240.0,1.0,0.0,4.0,1.0,1062.0,88.98,11.0,17.0,59.0,31.0,3.0,0.0,7.03,2.0,1.0,2.0,2.0,1.0,0.0,124.0,66.0,2.0,17.0,49.0,0.0,0.0,20.0,4.0,0.0
160244,Komnen Andric,Rijeka,Attacker,31,Serbia,15.0,1234.0,2.0,2.0,25.0,5.0,325.0,72.31,17.0,6.0,204.0,105.0,1.0,0.0,7.15,12.0,7.0,5.0,34.0,7.0,3.0,18.0,13.0,13.0,47.0,14.0,0.0,0.0,20.0,3.0,0.0
52889,Josip Radosevic,Istra 1961,Midfielder,32,Croatia,15.0,1230.0,0.0,3.0,2.0,1.0,594.0,84.01,30.0,15.0,92.0,52.0,2.0,0.0,7.1,11.0,6.0,8.0,9.0,25.0,9.0,64.0,33.0,12.0,7.0,20.0,0.0,0.0,8.0,9.0,0.0
9938999,Agon Elezi,Gorica,Midfielder,25,Macedonia,16.0,1226.0,2.0,0.0,14.0,5.0,383.0,75.72,22.0,13.0,127.0,58.0,2.0,0.0,6.87,9.0,6.0,10.0,18.0,6.0,1.0,42.0,19.0,3.0,14.0,24.0,0.0,0.0,16.0,6.0,0.0
37550997,Moreno Zivkovic,Lokomotiva Zagreb,Defender,22,Croatia,14.0,1212.0,0.0,0.0,3.0,0.0,609.0,85.22,20.0,14.0,98.0,63.0,2.0,0.0,7.03,4.0,4.0,3.0,11.0,3.0,0.0,75.0,34.0,5.0,30.0,43.0,0.0,0.0,16.0,4.0,0.0
28932717,Renan Guedes,Osijek,Defender,28,Brazil,16.0,1201.0,0.0,0.0,4.0,0.0,397.0,70.53,19.0,10.0,110.0,61.0,1.0,0.0,6.8,20.0,8.0,5.0,19.0,41.0,11.0,60.0,17.0,6.0,15.0,36.0,0.0,0.0,20.0,3.0,0.0
109643,Hernâni,Osijek,Attacker,34,Portugal,23.0,1191.0,6.0,3.0,42.0,19.0,201.0,67.66,7.0,3.0,90.0,40.0,0.0,0.0,7.11,20.0,9.0,3.0,21.0,84.0,23.0,25.0,6.0,20.0,5.0,5.0,0.0,0.0,16.0,5.0,0.0
73257,Slavko Blagojević,Istra 1961,Midfielder,39,Croatia,16.0,1173.0,0.0,0.0,8.0,1.0,533.0,74.86,26.0,19.0,145.0,73.0,6.0,0.0,6.81,3.0,2.0,11.0,30.0,7.0,3.0,96.0,49.0,8.0,15.0,20.0,0.0,0.0,18.0,5.0,0.0
24837955,Styopa Mkrtchyan,Osijek,Defender,23,Armenia,17.0,1150.0,0.0,0.0,3.0,0.0,554.0,84.48,18.0,8.0,94.0,48.0,1.0,0.0,6.86,3.0,2.0,10.0,8.0,0.0,0.0,80.0,27.0,3.0,21.0,87.0,0.0,0.0,16.0,4.0,0.0
15062015,Abdoulie Sanyang,Hajduk Split,Attacker,27,Gambia,22.0,1145.0,2.0,1.0,25.0,4.0,250.0,71.2,23.0,5.0,177.0,77.0,4.0,0.0,6.8,61.0,25.0,12.0,22.0,30.0,8.0,21.0,11.0,10.0,5.0,5.0,3.0,0.0,14.0,8.0,0.0
24838179,Luka Skaricic,Varaždin,Defender,24,Croatia,19.0,1134.0,0.0,0.0,2.0,0.0,536.0,77.99,22.0,14.0,107.0,66.0,1.0,0.0,6.93,2.0,2.0,3.0,7.0,9.0,3.0,95.0,35.0,5.0,38.0,51.0,0.0,0.0,10.0,9.0,0.0
24993,Matthew Steenvoorden,Gorica,Defender,33,Netherlands,16.0,1126.0,0.0,0.0,1.0,0.0,454.0,82.6,13.0,15.0,81.0,40.0,1.0,0.0,6.91,2.0,0.0,7.0,2.0,0.0,0.0,80.0,34.0,6.0,25.0,76.0,0.0,0.0,16.0,6.0,0.0
37533537,Novak Tepsic,Varaždin,Defender,24,Croatia,22.0,1115.0,0.0,0.0,4.0,0.0,528.0,76.14,33.0,18.0,108.0,70.0,3.0,0.0,6.95,9.0,6.0,10.0,11.0,1.0,0.0,100.0,38.0,1.0,20.0,41.0,0.0,0.0,7.0,11.0,0.0
37356259,Michael Agbekpornu,Slaven Koprivnica,Midfielder,27,Ghana,18.0,1112.0,0.0,1.0,14.0,1.0,536.0,85.26,23.0,19.0,155.0,85.0,5.0,0.0,6.93,19.0,12.0,8.0,7.0,2.0,0.0,62.0,40.0,10.0,43.0,21.0,0.0,0.0,19.0,5.0,0.0
75120,Ivan Roca,Šibenik,Midfielder,30,Croatia,27.0,1110.0,0.0,1.0,26.0,1.0,484.0,71.49,53.0,24.0,148.0,83.0,3.0,0.0,6.86,8.0,2.0,10.0,13.0,6.0,5.0,92.0,41.0,2.0,19.0,18.0,0.0,0.0,20.0,5.0,0.0
37583451,Gabriel Rukavina,Rijeka,Attacker,22,Croatia,31.0,1100.0,3.0,1.0,14.0,7.0,290.0,73.1,14.0,6.0,132.0,66.0,2.0,0.0,6.86,29.0,13.0,4.0,24.0,16.0,3.0,22.0,6.0,9.0,14.0,10.0,0.0,0.0,5.0,16.0,0.0
67827,Amer Gojak,Rijeka,Midfielder,29,Bosnia and Herzegovina,28.0,1088.0,0.0,2.0,13.0,4.0,401.0,80.55,22.0,9.0,131.0,59.0,5.0,0.0,6.78,22.0,7.0,5.0,15.0,41.0,13.0,38.0,20.0,21.0,19.0,17.0,0.0,0.0,5.0,16.0,0.0
412433,Bruno Bogojevic,Rijeka,Attacker,28,Croatia,27.0,1087.0,0.0,1.0,13.0,2.0,268.0,57.46,47.0,11.0,160.0,83.0,3.0,0.0,6.84,21.0,6.0,17.0,14.0,35.0,3.0,64.0,20.0,5.0,15.0,27.0,0.0,0.0,5.0,17.0,0.0
73278,Marko Pajac,Lokomotiva Zagreb,Defender,33,Croatia,17.0,1084.0,0.0,3.0,8.0,2.0,531.0,72.13,28.0,11.0,98.0,57.0,4.0,0.0,7.02,18.0,6.0,10.0,16.0,93.0,30.0,106.0,34.0,25.0,7.0,28.0,0.0,0.0,20.0,3.0,0.0
21404384,Jurica Poldrugac,Varaždin,Midfielder,28,Croatia,29.0,1067.0,0.0,2.0,37.0,12.0,279.0,74.19,13.0,5.0,147.0,59.0,4.0,0.0,6.87,33.0,12.0,5.0,25.0,50.0,12.0,22.0,13.0,10.0,6.0,9.0,0.0,0.0,7.0,15.0,0.0
37582788,Vinko Rozic,Istra 1961,Attacker,22,Bosnia and Herzegovina,17.0,1063.0,7.0,1.0,33.0,19.0,277.0,77.62,12.0,5.0,118.0,47.0,2.0,0.0,7.19,30.0,13.0,7.0,16.0,46.0,6.0,16.0,10.0,13.0,8.0,3.0,0.0,0.0,10.0,10.0,0.0
74533,Josip Majic,Šibenik,Attacker,32,Croatia,24.0,1062.0,1.0,2.0,26.0,7.0,482.0,68.46,21.0,13.0,137.0,58.0,5.0,0.0,6.84,36.0,20.0,17.0,14.0,57.0,10.0,82.0,41.0,14.0,11.0,12.0,0.0,0.0,19.0,6.0,0.0
16817975,Martin Slogar,Gorica,Attacker,25,Croatia,25.0,1054.0,4.0,2.0,24.0,9.0,192.0,62.5,20.0,3.0,137.0,55.0,4.0,0.0,6.77,25.0,9.0,6.0,18.0,20.0,5.0,27.0,7.0,6.0,10.0,4.0,0.0,0.0,14.0,5.0,0.0
24817153,Iurie Iovu,Istra 1961,Defender,24,Moldova,14.0,1043.0,0.0,1.0,5.0,0.0,423.0,77.3,31.0,15.0,120.0,79.0,3.0,0.0,6.94,3.0,2.0,2.0,5.0,0.0,0.0,80.0,27.0,4.0,41.0,48.0,0.0,0.0,22.0,2.0,0.0
338593,Stjepan Loncar,Istra 1961,Midfielder,29,Bosnia and Herzegovina,14.0,1043.0,6.0,1.0,17.0,9.0,385.0,81.56,10.0,3.0,73.0,38.0,2.0,0.0,7.38,27.0,17.0,5.0,6.0,49.0,18.0,41.0,24.0,23.0,7.0,9.0,0.0,0.0,8.0,8.0,0.0
37613457,Beyatt Lekoueiry,Istra 1961,Midfielder,21,Mauritania,16.0,1036.0,3.0,5.0,21.0,4.0,274.0,72.26,14.0,5.0,124.0,52.0,4.0,0.0,7.01,28.0,12.0,6.0,20.0,8.0,3.0,27.0,11.0,18.0,6.0,9.0,0.0,0.0,18.0,3.0,0.0
73887,Leonardo Sigali,Lokomotiva Zagreb,Defender,39,Argentina,13.0,1022.0,0.0,0.0,2.0,0.0,539.0,85.9,21.0,16.0,83.0,52.0,3.0,1.0,7.06,2.0,1.0,8.0,14.0,1.0,0.0,86.0,40.0,3.0,17.0,65.0,0.0,0.0,17.0,3.0,0.0
37600601,Marin Prekodravac,Šibenik,Midfielder,21,Croatia,22.0,1012.0,1.0,1.0,14.0,4.0,248.0,70.97,15.0,7.0,99.0,37.0,4.0,0.0,6.6,10.0,2.0,3.0,8.0,2.0,0.0,25.0,9.0,7.0,12.0,21.0,0.0,0.0,25.0,5.0,0.0
1525043,Matej Vuk,Istra 1961,Attacker,26,Croatia,14.0,1010.0,2.0,0.0,29.0,10.0,270.0,70.0,9.0,7.0,102.0,42.0,1.0,0.0,7.11,21.0,7.0,5.0,11.0,40.0,7.0,12.0,4.0,12.0,15.0,12.0,0.0,0.0,6.0,6.0,0.0
37688968,Anton Matkovic,Osijek,Attacker,20,Croatia,15.0,1002.0,0.0,1.0,17.0,5.0,157.0,57.32,11.0,2.0,155.0,80.0,4.0,0.0,6.89,36.0,14.0,6.0,20.0,26.0,3.0,11.0,4.0,10.0,35.0,7.0,0.0,0.0,14.0,3.0,0.0
37266383,Marco Boras,Slaven Koprivnica,Defender,24,Croatia,22.0,982.0,1.0,0.0,6.0,1.0,590.0,74.58,16.0,9.0,84.0,55.0,2.0,0.0,6.87,0.0,0.0,4.0,3.0,2.0,2.0,173.0,83.0,4.0,36.0,48.0,0.0,0.0,17.0,5.0,0.0
37719908,Bruno Durdov,Hajduk Split,Attacker,18,Croatia,27.0,979.0,3.0,1.0,32.0,14.0,257.0,66.54,18.0,3.0,109.0,42.0,2.0,0.0,6.88,30.0,11.0,12.0,6.0,28.0,12.0,33.0,14.0,13.0,8.0,4.0,0.0,0.0,7.0,10.0,0.0
73222,D. Štiglec,Gorica,Defender,35,Croatia,17.0,967.0,0.0,3.0,6.0,2.0,324.0,72.22,9.0,10.0,59.0,28.0,3.0,0.0,6.81,8.0,4.0,6.0,3.0,37.0,8.0,53.0,14.0,9.0,12.0,28.0,0.0,0.0,17.0,4.0,0.0
37596447,Filip Cuic,Lokomotiva Zagreb,Attacker,23,Bosnia and Herzegovina,16.0,962.0,1.0,1.0,15.0,6.0,234.0,59.83,9.0,5.0,187.0,74.0,3.0,0.0,6.78,11.0,6.0,4.0,15.0,6.0,1.0,18.0,9.0,9.0,45.0,7.0,0.0,0.0,11.0,7.0,0.0
13239047,Mario Mladenovski,Varaždin,Defender,25,Macedonia,13.0,937.0,0.0,0.0,7.0,1.0,565.0,80.18,11.0,16.0,68.0,41.0,3.0,0.0,7.13,6.0,5.0,3.0,1.0,2.0,1.0,136.0,57.0,2.0,24.0,59.0,0.0,0.0,5.0,6.0,0.0
73558,Slavko Bralic,Gorica,Defender,33,Croatia,14.0,924.0,0.0,0.0,4.0,2.0,474.0,77.22,16.0,19.0,124.0,71.0,4.0,0.0,7.13,6.0,6.0,9.0,14.0,3.0,1.0,94.0,35.0,5.0,37.0,81.0,0.0,0.0,12.0,6.0,0.0
24838180,Stipe Biuk,Hajduk Split,Attacker,23,Croatia,17.0,904.0,2.0,1.0,22.0,4.0,274.0,69.34,10.0,4.0,128.0,63.0,3.0,0.0,6.98,44.0,24.0,4.0,13.0,20.0,5.0,15.0,6.0,13.0,14.0,3.0,0.0,0.0,9.0,7.0,0.0
37619959,Luka Kapulica,Gorica,Midfielder,21,Croatia,16.0,891.0,1.0,0.0,11.0,2.0,353.0,82.44,12.0,15.0,126.0,52.0,2.0,0.0,6.8,40.0,18.0,17.0,14.0,8.0,1.0,25.0,17.0,7.0,8.0,13.0,0.0,0.0,13.0,2.0,0.0
37709571,Lovre Kulusic,Šibenik,Midfielder,19,Croatia,29.0,890.0,4.0,1.0,25.0,11.0,160.0,61.88,14.0,7.0,120.0,55.0,1.0,0.0,6.85,6.0,1.0,3.0,9.0,8.0,2.0,7.0,1.0,8.0,31.0,9.0,0.0,0.0,18.0,3.0,0.0
5270357,Marko Vranjkovic,Lokomotiva Zagreb,Defender,27,Croatia,18.0,889.0,1.0,0.0,17.0,6.0,254.0,67.32,19.0,5.0,124.0,49.0,3.0,0.0,6.9,8.0,4.0,3.0,5.0,31.0,8.0,27.0,10.0,12.0,21.0,17.0,0.0,0.0,16.0,2.0,0.0
37560492,Ivan Cvijanovic,Osijek,Defender,22,Croatia,18.0,888.0,1.0,1.0,5.0,3.0,348.0,70.4,29.0,11.0,100.0,56.0,2.0,0.0,6.85,11.0,5.0,5.0,8.0,29.0,6.0,60.0,20.0,2.0,15.0,40.0,0.0,0.0,17.0,4.0,0.0
74068,Josip Elez,Hajduk Split,Defender,32,Croatia,16.0,871.0,0.0,0.0,5.0,1.0,551.0,88.75,9.0,8.0,53.0,29.0,0.0,0.0,6.99,1.0,1.0,7.0,4.0,3.0,0.0,81.0,47.0,3.0,15.0,44.0,1.0,0.0,8.0,7.0,0.0
37656051,Vito Caic,Gorica,Midfielder,21,Croatia,22.0,870.0,0.0,0.0,7.0,0.0,256.0,69.92,28.0,3.0,135.0,68.0,4.0,0.0,6.66,11.0,4.0,9.0,14.0,5.0,0.0,40.0,15.0,3.0,23.0,16.0,0.0,0.0,10.0,8.0,0.0
131838,Bruno Petkovic,Dinamo Zagreb,Attacker,31,Croatia,20.0,865.0,4.0,3.0,26.0,8.0,310.0,69.68,8.0,1.0,168.0,82.0,1.0,0.0,7.17,20.0,10.0,5.0,28.0,12.0,3.0,17.0,13.0,22.0,37.0,22.0,0.0,0.0,14.0,8.0,0.0
22897215,Ivan Ćalušić,Istra 1961,Midfielder,26,Croatia,21.0,862.0,0.0,1.0,5.0,0.0,409.0,81.17,12.0,8.0,65.0,37.0,1.0,0.0,6.75,13.0,8.0,3.0,7.0,6.0,1.0,29.0,17.0,12.0,12.0,11.0,0.0,0.0,15.0,9.0,0.0
72614,Arijan Ademi,Dinamo Zagreb,Midfielder,35,Macedonia,18.0,837.0,3.0,1.0,18.0,6.0,339.0,85.84,26.0,7.0,110.0,68.0,3.0,0.0,7.13,15.0,7.0,2.0,20.0,6.0,2.0,9.0,5.0,12.0,15.0,9.0,0.0,0.0,13.0,5.0,0.0
37538546,Pedro Lima Barros,Osijek,Midfielder,23,Brazil,26.0,834.0,2.0,0.0,29.0,10.0,249.0,66.27,23.0,4.0,126.0,57.0,2.0,0.0,6.82,19.0,5.0,6.0,15.0,13.0,0.0,26.0,10.0,11.0,14.0,12.0,0.0,0.0,16.0,6.0,0.0
102012,Wilfried Kanga,Dinamo Zagreb,Attacker,28,France,15.0,827.0,3.0,0.0,27.0,9.0,122.0,74.59,1.0,1.0,70.0,35.0,1.0,0.0,6.86,8.0,5.0,0.0,12.0,1.0,0.0,2.0,2.0,3.0,18.0,5.0,0.0,0.0,7.0,6.0,0.0
73451,Danijel Zagorac,Dinamo Zagreb,Goalkeeper,39,Croatia,9.0,810.0,0.0,0.0,0.0,0.0,246.0,68.29,0.0,0.0,7.0,7.0,1.0,0.0,6.73,0.0,0.0,0.0,3.0,0.0,0.0,118.0,41.0,0.0,4.0,5.0,17.0,13.0,9.0,3.0,0.0
37596446,Mate Antunovic,Hajduk Split,Attacker,22,Croatia,17.0,791.0,1.0,0.0,14.0,7.0,117.0,58.12,2.0,3.0,75.0,25.0,2.0,0.0,6.73,8.0,4.0,1.0,4.0,3.0,0.0,6.0,2.0,5.0,15.0,4.0,0.0,0.0,5.0,7.0,0.0
31625999,Josip Gačić,Šibenik,Defender,28,Croatia,13.0,744.0,0.0,1.0,12.0,0.0,251.0,68.13,21.0,11.0,98.0,48.0,3.0,0.0,6.69,0.0,0.0,1.0,10.0,0.0,8.0,59.0,26.0,0.0,9.0,17.0,0.0,0.0,10.0,3.0,0.0
432894,Maxime Bernauer,Dinamo Zagreb,Defender,28,France,9.0,735.0,0.0,0.0,3.0,0.0,560.0,86.96,8.0,9.0,55.0,33.0,1.0,0.0,6.98,4.0,1.0,5.0,9.0,3.0,2.0,96.0,50.0,3.0,15.0,27.0,0.0,0.0,13.0,2.0,0.0
37569839,Lukas Kacavenda,Dinamo Zagreb,Midfielder,23,Croatia,24.0,733.0,2.0,3.0,7.0,4.0,297.0,79.46,17.0,8.0,114.0,62.0,1.0,0.0,7.01,22.0,11.0,7.0,24.0,12.0,4.0,9.0,6.0,15.0,7.0,4.0,0.0,0.0,7.0,10.0,0.0
69675,Luka Menalo,Rijeka,Attacker,29,Bosnia and Herzegovina,17.0,727.0,1.0,0.0,9.0,3.0,226.0,70.8,17.0,7.0,105.0,54.0,2.0,0.0,6.81,19.0,6.0,6.0,16.0,17.0,3.0,27.0,10.0,7.0,16.0,13.0,0.0,0.0,7.0,8.0,0.0
73159,Ante Erceg,Gorica,Attacker,36,Croatia,12.0,717.0,1.0,1.0,13.0,4.0,214.0,77.1,9.0,2.0,126.0,43.0,5.0,0.0,6.7,17.0,5.0,5.0,13.0,3.0,1.0,12.0,7.0,5.0,16.0,3.0,0.0,0.0,12.0,5.0,0.0
37529443,Enes Alic,Varaždin,Defender,26,Bosnia and Herzegovina,18.0,713.0,0.0,0.0,11.0,3.0,328.0,78.35,17.0,3.0,86.0,39.0,4.0,0.0,6.85,12.0,4.0,2.0,11.0,35.0,8.0,48.0,18.0,4.0,8.0,20.0,0.0,0.0,5.0,7.0,0.0
37545139,Stephane Keller,Istra 1961,Defender,24,Cameroon,15.0,694.0,0.0,0.0,5.0,2.0,384.0,82.81,19.0,10.0,71.0,45.0,6.0,0.0,6.8,7.0,5.0,3.0,4.0,8.0,2.0,56.0,27.0,2.0,18.0,22.0,0.0,0.0,12.0,5.0,0.0
537305,Nazariy Rusyn,Hajduk Split,Attacker,27,Ukraine,16.0,692.0,0.0,1.0,11.0,2.0,158.0,76.58,9.0,3.0,72.0,31.0,0.0,0.0,6.72,11.0,3.0,4.0,14.0,13.0,2.0,5.0,1.0,9.0,7.0,2.0,0.0,0.0,6.0,5.0,0.0
75098,Dario Spikic,Dinamo Zagreb,Attacker,27,Croatia,14.0,624.0,1.0,0.0,18.0,7.0,228.0,78.07,11.0,11.0,86.0,44.0,0.0,0.0,6.92,16.0,9.0,1.0,8.0,19.0,2.0,6.0,1.0,5.0,14.0,6.0,0.0,0.0,8.0,4.0,0.0
37571660,Simun Mikolcic,Osijek,Midfielder,22,Croatia,19.0,622.0,0.0,0.0,12.0,3.0,339.0,80.24,17.0,11.0,81.0,50.0,2.0,0.0,6.87,9.0,5.0,4.0,11.0,34.0,11.0,48.0,24.0,9.0,17.0,5.0,0.0,0.0,8.0,5.0,0.0
73858,Marko Rog,Dinamo Zagreb,Midfielder,30,Croatia,22.0,616.0,1.0,2.0,17.0,2.0,340.0,87.35,15.0,5.0,98.0,46.0,1.0,2.0,6.9,14.0,6.0,8.0,13.0,25.0,11.0,25.0,13.0,13.0,13.0,2.0,0.0,0.0,5.0,7.0,0.0
5270348,Jon Mersinaj,Lokomotiva Zagreb,Defender,27,Albania,8.0,606.0,1.0,0.0,1.0,1.0,225.0,90.67,7.0,6.0,55.0,27.0,4.0,0.0,7.0,2.0,0.0,1.0,11.0,0.0,0.0,19.0,9.0,1.0,10.0,51.0,0.0,0.0,8.0,3.0,0.0
37656551,Jakov Gurlica,Gorica,Defender,22,Croatia,15.0,598.0,0.0,1.0,1.0,0.0,175.0,67.43,7.0,11.0,54.0,26.0,2.0,0.0,6.72,3.0,3.0,4.0,0.0,3.0,0.0,39.0,17.0,1.0,16.0,27.0,0.0,0.0,6.0,8.0,0.0
37604564,Matej Sakota,Slaven Koprivnica,Attacker,21,Bosnia and Herzegovina,22.0,592.0,2.0,0.0,12.0,8.0,187.0,70.05,10.0,4.0,96.0,33.0,3.0,0.0,6.66,27.0,7.0,4.0,8.0,27.0,6.0,19.0,8.0,5.0,8.0,7.0,0.0,0.0,14.0,7.0,0.0
37607123,Juan Córdoba,Dinamo Zagreb,Attacker,22,Colombia,11.0,551.0,1.0,2.0,15.0,7.0,214.0,82.24,6.0,5.0,67.0,27.0,3.0,0.0,6.99,13.0,4.0,3.0,15.0,13.0,3.0,9.0,5.0,5.0,3.0,0.0,0.0,0.0,4.0,5.0,0.0
67094,B. Radošević,Gorica,Goalkeeper,37,Croatia,7.0,551.0,0.0,0.0,0.0,0.0,178.0,65.17,0.0,0.0,3.0,2.0,0.0,0.0,7.27,0.0,0.0,1.0,1.0,0.0,0.0,90.0,30.0,0.0,1.0,13.0,23.0,15.0,9.0,1.0,0.0
1485781,Zvonimir Sarlija,Hajduk Split,Defender,29,Croatia,7.0,537.0,0.0,0.0,4.0,1.0,345.0,86.09,2.0,6.0,56.0,39.0,5.0,0.0,6.99,1.0,1.0,1.0,10.0,0.0,0.0,19.0,6.0,2.0,26.0,17.0,0.0,0.0,6.0,1.0,0.0
37571435,Ante Suto,Slaven Koprivnica,Attacker,26,Australia,20.0,518.0,4.0,1.0,15.0,8.0,145.0,67.59,12.0,1.0,105.0,55.0,4.0,0.0,6.93,18.0,9.0,3.0,14.0,11.0,3.0,2.0,1.0,7.0,21.0,6.0,0.0,0.0,7.0,4.0,0.0
74885,Karlo Butic,Slaven Koprivnica,Attacker,27,Croatia,11.0,518.0,1.0,0.0,15.0,4.0,114.0,71.05,3.0,0.0,68.0,32.0,1.0,0.0,6.86,8.0,3.0,0.0,15.0,1.0,0.0,10.0,7.0,6.0,11.0,3.0,0.0,0.0,9.0,1.0,0.0
31640157,Kristian Fucak,Istra 1961,Attacker,27,Croatia,16.0,498.0,1.0,0.0,13.0,5.0,86.0,68.6,8.0,0.0,68.0,20.0,2.0,0.0,6.67,10.0,2.0,1.0,4.0,3.0,0.0,2.0,1.0,1.0,6.0,8.0,0.0,0.0,4.0,9.0,0.0
22136685,Nathanaël Mbuku,Dinamo Zagreb,Attacker,24,DR Congo,16.0,496.0,2.0,1.0,13.0,6.0,166.0,81.33,9.0,4.0,84.0,42.0,0.0,0.0,6.98,14.0,4.0,3.0,24.0,25.0,8.0,8.0,6.0,8.0,5.0,3.0,0.0,0.0,7.0,7.0,0.0
85690,Luka Bogdan,Istra 1961,Defender,30,Croatia,7.0,494.0,0.0,0.0,2.0,1.0,195.0,73.85,6.0,17.0,54.0,35.0,3.0,0.0,6.86,1.0,1.0,3.0,5.0,0.0,0.0,40.0,13.0,0.0,23.0,28.0,0.0,0.0,9.0,0.0,0.0
72813,Domagoj Antolic,Lokomotiva Zagreb,Midfielder,36,Croatia,13.0,480.0,0.0,0.0,2.0,0.0,334.0,88.92,11.0,9.0,35.0,15.0,1.0,0.0,6.79,4.0,0.0,3.0,1.0,8.0,4.0,24.0,12.0,3.0,2.0,5.0,0.0,0.0,10.0,4.0,0.0
37530358,Ante Orec,Rijeka,Defender,24,Croatia,7.0,464.0,0.0,0.0,3.0,1.0,141.0,69.5,18.0,2.0,54.0,38.0,3.0,0.0,7.04,8.0,4.0,1.0,10.0,14.0,3.0,21.0,3.0,7.0,6.0,15.0,0.0,0.0,5.0,4.0,0.0
37708547,Mirko Susak,Lokomotiva Zagreb,Attacker,22,Croatia,21.0,452.0,2.0,0.0,13.0,5.0,115.0,70.43,6.0,2.0,50.0,18.0,1.0,0.0,6.76,5.0,1.0,2.0,3.0,4.0,0.0,12.0,7.0,1.0,9.0,3.0,0.0,0.0,8.0,2.0,0.0
132583,Marijan Ćorić,Istra 1961,Goalkeeper,31,Croatia,5.0,450.0,0.0,0.0,0.0,0.0,135.0,30.37,0.0,0.0,4.0,3.0,0.0,0.0,6.53,0.0,0.0,1.0,0.0,0.0,0.0,119.0,26.0,0.0,3.0,4.0,9.0,4.0,8.0,1.0,0.0
37596437,Roko Brajkovic,Hajduk Split,Attacker,21,Croatia,12.0,448.0,0.0,2.0,8.0,2.0,111.0,70.27,10.0,3.0,72.0,27.0,2.0,0.0,6.71,9.0,4.0,5.0,6.0,15.0,3.0,6.0,2.0,8.0,7.0,2.0,0.0,0.0,2.0,3.0,0.0
37690641,Filip Kruselj,Slaven Koprivnica,Defender,21,Croatia,6.0,441.0,0.0,0.0,0.0,0.0,144.0,71.53,17.0,7.0,49.0,28.0,1.0,0.0,6.9,4.0,3.0,9.0,6.0,16.0,4.0,18.0,5.0,1.0,2.0,21.0,0.0,0.0,8.0,0.0,0.0
537380,Mesaque Dju,Gorica,Attacker,27,Portugal,10.0,424.0,0.0,0.0,11.0,3.0,94.0,67.02,3.0,1.0,55.0,22.0,0.0,0.0,6.77,13.0,3.0,1.0,9.0,7.0,0.0,10.0,6.0,3.0,6.0,6.0,0.0,0.0,7.0,2.0,0.0
61320,Aleksandar Trajkovski,Hajduk Split,Attacker,33,Macedonia,16.0,418.0,3.0,0.0,11.0,8.0,99.0,72.73,4.0,0.0,51.0,25.0,0.0,0.0,6.87,5.0,0.0,0.0,15.0,1.0,0.0,3.0,1.0,4.0,6.0,3.0,0.0,0.0,5.0,3.0,0.0
37590876,Mody Boune,Lokomotiva Zagreb,Defender,24,France,7.0,411.0,0.0,1.0,1.0,0.0,126.0,65.87,11.0,4.0,48.0,25.0,0.0,0.0,6.73,8.0,3.0,2.0,8.0,14.0,2.0,22.0,6.0,2.0,3.0,7.0,0.0,0.0,8.0,1.0,0.0
32819228,Silvio Ilinkovic,Rijeka,Midfielder,23,Bosnia and Herzegovina,14.0,407.0,0.0,1.0,1.0,0.0,130.0,73.85,9.0,6.0,59.0,29.0,0.0,0.0,6.79,8.0,6.0,4.0,11.0,7.0,1.0,19.0,16.0,4.0,5.0,3.0,0.0,0.0,3.0,7.0,0.0
537274,Oleksandr Petrusenko,Istra 1961,Midfielder,28,Ukraine,5.0,389.0,1.0,0.0,4.0,2.0,150.0,86.0,9.0,3.0,32.0,17.0,1.0,0.0,6.94,2.0,1.0,4.0,4.0,6.0,4.0,9.0,4.0,5.0,3.0,4.0,0.0,0.0,11.0,1.0,0.0
36460828,Toni Silić,Hajduk Split,Goalkeeper,27,Croatia,5.0,382.0,0.0,0.0,0.0,0.0,134.0,67.16,0.0,0.0,2.0,0.0,0.0,0.0,6.73,0.0,0.0,0.0,0.0,0.0,0.0,72.0,30.0,0.0,0.0,3.0,12.0,7.0,3.0,1.0,0.0
26918,R. Murić,Slaven Koprivnica,Attacker,30,Croatia,9.0,377.0,0.0,1.0,8.0,2.0,123.0,66.67,3.0,0.0,27.0,14.0,0.0,0.0,6.86,5.0,3.0,1.0,5.0,40.0,6.0,44.0,22.0,6.0,1.0,1.0,0.0,0.0,6.0,0.0,0.0
44931,Dominik Martinovic,Slaven Koprivnica,Attacker,29,Croatia,10.0,375.0,1.0,1.0,8.0,2.0,115.0,66.96,5.0,0.0,52.0,18.0,0.0,0.0,6.79,8.0,3.0,3.0,5.0,4.0,2.0,3.0,2.0,7.0,6.0,0.0,0.0,0.0,7.0,1.0,0.0
75251,Bruno Goda,Rijeka,Defender,28,Croatia,6.0,372.0,0.0,0.0,0.0,0.0,175.0,67.43,10.0,6.0,47.0,30.0,1.0,0.0,7.0,7.0,5.0,1.0,5.0,10.0,5.0,31.0,10.0,2.0,10.0,10.0,0.0,0.0,3.0,4.0,0.0
12392836,Leon Dajaku,Hajduk Split,Attacker,25,Germany,10.0,364.0,0.0,1.0,4.0,1.0,108.0,74.07,3.0,2.0,36.0,10.0,0.0,0.0,6.69,13.0,1.0,1.0,2.0,20.0,2.0,5.0,3.0,5.0,3.0,1.0,0.0,0.0,2.0,4.0,0.0
37667185,Filip Zivkovic,Osijek,Attacker,19,Croatia,18.0,362.0,1.0,0.0,8.0,1.0,101.0,64.36,6.0,3.0,74.0,35.0,1.0,0.0,6.81,14.0,6.0,5.0,12.0,10.0,2.0,8.0,2.0,4.0,12.0,8.0,0.0,0.0,6.0,3.0,0.0
37336880,Nikola Cavlina ,Osijek,Goalkeeper,24,Croatia,4.0,360.0,0.0,0.0,0.0,0.0,90.0,77.78,0.0,0.0,3.0,2.0,0.0,0.0,6.63,0.0,0.0,0.0,2.0,0.0,0.0,37.0,18.0,0.0,1.0,4.0,10.0,9.0,8.0,1.0,0.0
5666584,Josip Silic,Varaždin,Goalkeeper,26,Croatia,4.0,360.0,0.0,0.0,0.0,0.0,128.0,53.91,0.0,0.0,0.0,0.0,0.0,0.0,6.83,0.0,0.0,0.0,0.0,0.0,0.0,90.0,33.0,0.0,0.0,5.0,10.0,9.0,5.0,0.0,0.0
37541292,Karlo Lusavec,Varaždin,Midfielder,22,Croatia,4.0,360.0,0.0,0.0,1.0,0.0,87.0,82.76,3.0,0.0,15.0,7.0,1.0,0.0,6.83,0.0,0.0,1.0,1.0,1.0,0.0,14.0,7.0,0.0,3.0,0.0,0.0,0.0,2.0,3.0,0.0
3568417,Darko Nejasmic,Osijek,Midfielder,27,Croatia,4.0,360.0,0.0,0.0,2.0,1.0,191.0,80.63,7.0,9.0,45.0,25.0,0.0,0.0,6.99,8.0,6.0,7.0,7.0,1.0,0.0,29.0,13.0,1.0,5.0,5.0,0.0,0.0,7.0,0.0,0.0
73443,Mateusz Stolarski,Slaven Koprivnica,Goalkeeper,35,Croatia,4.0,360.0,0.0,0.0,0.0,0.0,82.0,67.07,1.0,0.0,4.0,3.0,2.0,0.0,7.01,0.0,0.0,0.0,1.0,0.0,0.0,44.0,17.0,0.0,1.0,3.0,14.0,12.0,8.0,0.0,0.0
62931,Lovre Kalinić,Hajduk Split,Goalkeeper,36,Croatia,4.0,360.0,0.0,0.0,0.0,0.0,68.0,75.0,0.0,0.0,0.0,0.0,2.0,0.0,7.14,0.0,0.0,0.0,0.0,0.0,0.0,25.0,8.0,0.0,0.0,0.0,13.0,5.0,4.0,0.0,0.0
37590848,Elias Filet,Istra 1961,Attacker,24,France,10.0,359.0,1.0,1.0,5.0,1.0,102.0,71.57,1.0,0.0,61.0,29.0,0.0,0.0,6.83,9.0,5.0,1.0,11.0,2.0,0.0,8.0,6.0,6.0,13.0,2.0,0.0,0.0,6.0,1.0,0.0
10959305,Takuya Ogiwara,Dinamo Zagreb,Defender,26,Japan,6.0,345.0,0.0,0.0,1.0,0.0,140.0,78.57,7.0,5.0,32.0,15.0,1.0,0.0,6.99,3.0,2.0,4.0,4.0,16.0,4.0,26.0,13.0,4.0,2.0,8.0,0.0,0.0,4.0,4.0,0.0
63595,Zoran Nizic,Šibenik,Defender,36,Croatia,4.0,338.0,0.0,0.0,3.0,0.0,118.0,82.2,2.0,0.0,34.0,18.0,1.0,0.0,6.92,0.0,0.0,0.0,2.0,1.0,1.0,22.0,14.0,1.0,14.0,20.0,0.0,0.0,7.0,0.0,0.0
37600577,Fabijan Krivak,Lokomotiva Zagreb,Midfielder,21,Croatia,7.0,323.0,0.0,1.0,4.0,3.0,112.0,77.68,6.0,3.0,35.0,18.0,0.0,0.0,6.81,9.0,3.0,4.0,8.0,4.0,1.0,4.0,2.0,5.0,1.0,2.0,0.0,0.0,3.0,2.0,0.0
37371082,Franjo Ivanović,Rijeka,Attacker,22,Croatia,4.0,321.0,3.0,1.0,15.0,6.0,54.0,74.07,2.0,2.0,59.0,23.0,0.0,0.0,7.67,16.0,7.0,2.0,9.0,0.0,0.0,2.0,2.0,3.0,5.0,1.0,0.0,0.0,0.0,4.0,0.0
37745418,Luka Vrzic,Gorica,Attacker,19,,18.0,321.0,0.0,0.0,5.0,0.0,100.0,68.0,10.0,2.0,51.0,19.0,0.0,0.0,6.57,12.0,4.0,4.0,2.0,12.0,3.0,10.0,5.0,2.0,2.0,3.0,0.0,0.0,7.0,3.0,0.0
37694126,Jovan Ivanisevic,Istra 1961,Defender,21,United States,7.0,318.0,0.0,0.0,0.0,0.0,105.0,75.24,7.0,2.0,28.0,14.0,1.0,0.0,6.91,1.0,0.0,2.0,2.0,0.0,0.0,32.0,14.0,0.0,5.0,13.0,0.0,0.0,3.0,2.0,0.0
37596440,Antonio Jakir,Slaven Koprivnica,Defender,23,Croatia,5.0,316.0,0.0,1.0,1.0,0.0,154.0,79.22,6.0,4.0,36.0,17.0,0.0,0.0,6.9,5.0,1.0,1.0,5.0,8.0,1.0,24.0,7.0,4.0,5.0,11.0,0.0,0.0,3.0,2.0,0.0
37594816,Hamza Jaganjac,Istra 1961,Attacker,22,Bosnia and Herzegovina,10.0,315.0,0.0,0.0,8.0,0.0,71.0,66.2,2.0,2.0,47.0,10.0,2.0,0.0,6.67,4.0,0.0,4.0,5.0,0.0,0.0,4.0,1.0,4.0,5.0,4.0,0.0,0.0,5.0,4.0,0.0
95932,André Poko,Istra 1961,Midfielder,33,Gabon,7.0,309.0,0.0,0.0,3.0,0.0,104.0,75.0,12.0,7.0,42.0,19.0,1.0,0.0,6.79,5.0,1.0,4.0,3.0,1.0,0.0,13.0,6.0,1.0,3.0,6.0,0.0,0.0,6.0,1.0,0.0
297524,Sadegh Moharrami,Dinamo Zagreb,Defender,30,Iran,8.0,307.0,0.0,0.0,1.0,0.0,168.0,75.6,12.0,1.0,50.0,32.0,2.0,0.0,7.04,18.0,12.0,0.0,8.0,26.0,7.0,19.0,5.0,7.0,1.0,2.0,0.0,0.0,1.0,3.0,0.0
24838196,Veldin Hodza,Rijeka,Midfielder,23,Croatia,5.0,297.0,2.0,0.0,8.0,2.0,85.0,84.71,5.0,4.0,34.0,17.0,0.0,0.0,7.3,4.0,1.0,1.0,6.0,3.0,0.0,10.0,8.0,2.0,4.0,6.0,0.0,0.0,1.0,4.0,0.0
2148023,Ivan Borna Jelic Balta,Slaven Koprivnica,Midfielder,33,Croatia,9.0,293.0,0.0,0.0,6.0,1.0,101.0,64.36,4.0,6.0,33.0,20.0,1.0,0.0,6.87,2.0,0.0,1.0,1.0,0.0,0.0,16.0,10.0,1.0,13.0,7.0,0.0,0.0,5.0,2.0,0.0
37696422,Branko Pavic,Dinamo Zagreb,Midfielder,19,Croatia,7.0,289.0,0.0,0.0,4.0,1.0,131.0,85.5,7.0,7.0,21.0,13.0,0.0,0.0,6.88,2.0,0.0,2.0,1.0,1.0,1.0,14.0,8.0,2.0,5.0,11.0,0.0,0.0,5.0,2.0,0.0
37332667,Bruno Zdunić,Šibenik,Attacker,25,Croatia,13.0,266.0,0.0,0.0,3.0,2.0,44.0,70.45,6.0,4.0,44.0,19.0,2.0,0.0,6.66,5.0,1.0,1.0,6.0,1.0,1.0,3.0,0.0,1.0,6.0,8.0,0.0,0.0,6.0,2.0,0.0
102089,Fahd Moufi,Hajduk Split,Defender,30,Morocco,5.0,260.0,0.0,0.0,1.0,1.0,70.0,70.0,6.0,1.0,23.0,11.0,0.0,0.0,6.66,4.0,2.0,0.0,2.0,3.0,0.0,7.0,1.0,0.0,1.0,4.0,0.0,0.0,3.0,1.0,0.0
37373601,Jovan Manev,Rijeka,Defender,25,Macedonia,7.0,259.0,0.0,0.0,1.0,0.0,157.0,91.08,3.0,5.0,25.0,15.0,2.0,0.0,6.87,1.0,0.0,0.0,3.0,1.0,0.0,12.0,7.0,0.0,9.0,17.0,0.0,0.0,5.0,4.0,0.0
133994,Jan Mlakar,Hajduk Split,Attacker,27,Slovenia,6.0,255.0,1.0,0.0,1.0,1.0,76.0,61.84,3.0,1.0,29.0,10.0,1.0,0.0,6.77,5.0,1.0,3.0,3.0,4.0,1.0,3.0,1.0,2.0,3.0,3.0,0.0,0.0,2.0,1.0,0.0
37572334,Carlos Torres,Šibenik,Attacker,23,Colombia,6.0,250.0,0.0,0.0,3.0,2.0,30.0,73.33,5.0,3.0,49.0,25.0,0.0,0.0,6.7,14.0,7.0,4.0,11.0,3.0,0.0,3.0,1.0,2.0,2.0,0.0,0.0,0.0,7.0,2.0,0.0
37667194,Antonio Baždarić,Lokomotiva Zagreb,Midfielder,20,Croatia,8.0,247.0,0.0,0.0,6.0,1.0,101.0,78.22,4.0,2.0,25.0,12.0,0.0,0.0,6.78,0.0,0.0,1.0,4.0,0.0,0.0,13.0,8.0,4.0,5.0,1.0,0.0,0.0,7.0,0.0,0.0
3181374,Jaime Sierra,Varaždin,Midfielder,28,Spain,6.0,245.0,0.0,0.0,3.0,0.0,95.0,95.79,6.0,4.0,20.0,12.0,2.0,0.0,6.84,2.0,2.0,4.0,4.0,1.0,1.0,8.0,7.0,1.0,1.0,3.0,0.0,0.0,1.0,4.0,0.0
37664352,Medin Gashi,Gorica,Attacker,20,Kosovo,10.0,243.0,1.0,0.0,6.0,2.0,50.0,74.0,3.0,1.0,46.0,16.0,0.0,0.0,6.73,7.0,4.0,1.0,5.0,2.0,0.0,2.0,1.0,2.0,4.0,4.0,0.0,0.0,4.0,1.0,0.0
47588,Kemal Ademi,Osijek,Attacker,30,Switzerland,11.0,240.0,0.0,0.0,5.0,1.0,50.0,68.0,0.0,1.0,32.0,17.0,0.0,0.0,6.75,10.0,5.0,1.0,2.0,1.0,0.0,0.0,0.0,5.0,10.0,0.0,0.0,0.0,4.0,0.0,0.0
24838178,Jakov-Anton Vasilj,Lokomotiva Zagreb,Midfielder,24,Croatia,8.0,240.0,1.0,1.0,3.0,1.0,78.0,69.23,5.0,3.0,32.0,16.0,1.0,0.0,6.76,8.0,5.0,1.0,3.0,3.0,4.0,4.0,1.0,5.0,6.0,5.0,0.0,0.0,4.0,3.0,0.0
72681,Mile Skoric,Rijeka,Defender,35,Croatia,3.0,232.0,0.0,0.0,0.0,0.0,131.0,77.86,0.0,4.0,17.0,10.0,0.0,0.0,6.89,0.0,0.0,1.0,1.0,0.0,0.0,21.0,7.0,0.0,9.0,8.0,0.0,0.0,3.0,0.0,0.0
37748224,Simun Butic,Rijeka,Attacker,20,,14.0,231.0,1.0,0.0,5.0,2.0,43.0,48.84,6.0,1.0,35.0,15.0,2.0,0.0,6.66,1.0,0.0,3.0,6.0,5.0,0.0,7.0,2.0,1.0,3.0,2.0,0.0,0.0,4.0,7.0,0.0
74125,Mateo Barac,Varaždin,Defender,31,Croatia,8.0,227.0,0.0,0.0,0.0,0.0,153.0,79.74,6.0,1.0,25.0,18.0,0.0,0.0,6.92,2.0,1.0,1.0,1.0,0.0,0.0,40.0,17.0,2.0,10.0,20.0,0.0,0.0,1.0,2.0,0.0
32040509,Mario Cuic,Varaždin,Midfielder,25,Croatia,10.0,225.0,1.0,0.0,8.0,3.0,113.0,77.88,4.0,1.0,34.0,17.0,1.0,0.0,6.8,2.0,1.0,0.0,8.0,1.0,1.0,4.0,3.0,3.0,3.0,5.0,0.0,0.0,2.0,4.0,0.0
37328039,Blaz Boskovic,Lokomotiva Zagreb,Midfielder,24,Bosnia and Herzegovina,10.0,223.0,0.0,0.0,4.0,1.0,91.0,64.84,8.0,6.0,53.0,30.0,1.0,0.0,6.81,5.0,2.0,6.0,5.0,0.0,0.0,13.0,6.0,0.0,14.0,3.0,0.0,0.0,5.0,2.0,0.0
338208,Emir Sahiti,Hajduk Split,Attacker,27,Kosovo,4.0,221.0,0.0,0.0,4.0,1.0,60.0,68.33,2.0,2.0,19.0,12.0,0.0,0.0,7.14,6.0,4.0,1.0,6.0,1.0,0.0,7.0,2.0,2.0,0.0,2.0,0.0,0.0,3.0,0.0,0.0
23301847,Denis Busnja,Lokomotiva Zagreb,Attacker,26,Croatia,9.0,208.0,0.0,1.0,3.0,1.0,64.0,70.31,1.0,3.0,24.0,9.0,0.0,0.0,6.71,5.0,2.0,1.0,2.0,5.0,1.0,5.0,3.0,2.0,4.0,1.0,0.0,0.0,3.0,2.0,0.0
22878484,Dominik Dogan,Rijeka,Attacker,27,Croatia,14.0,194.0,0.0,0.0,4.0,0.0,47.0,68.09,2.0,1.0,45.0,24.0,0.0,0.0,6.8,4.0,4.0,1.0,5.0,0.0,0.0,0.0,0.0,5.0,14.0,4.0,0.0,0.0,1.0,5.0,0.0
37570776,Duje Dujmovic,Šibenik,Defender,22,Croatia,4.0,184.0,0.0,0.0,0.0,0.0,136.0,83.82,2.0,3.0,9.0,6.0,0.0,0.0,6.83,0.0,0.0,0.0,0.0,0.0,0.0,26.0,12.0,0.0,4.0,6.0,0.0,0.0,4.0,2.0,0.0
37526236,Damjan Pavlovic,Gorica,Midfielder,24,Serbia,10.0,182.0,1.0,0.0,3.0,1.0,74.0,81.08,9.0,2.0,43.0,14.0,3.0,0.0,6.65,7.0,1.0,2.0,1.0,0.0,0.0,13.0,8.0,2.0,4.0,4.0,0.0,0.0,3.0,2.0,0.0
37627635,Vinko Skrbin,Gorica,Midfielder,23,Croatia,3.0,181.0,0.0,0.0,2.0,1.0,57.0,71.93,4.0,3.0,28.0,12.0,0.0,0.0,6.79,2.0,0.0,3.0,3.0,3.0,0.0,4.0,2.0,1.0,5.0,3.0,0.0,0.0,0.0,1.0,0.0
37651323,Luka Savatovic,Lokomotiva Zagreb,Goalkeeper,22,Croatia,2.0,180.0,0.0,0.0,0.0,0.0,56.0,62.5,0.0,0.0,1.0,1.0,0.0,0.0,7.13,0.0,0.0,0.0,0.0,0.0,0.0,33.0,13.0,0.0,1.0,3.0,10.0,6.0,4.0,0.0,0.0
73914,Ivan Fiolic,Gorica,Midfielder,30,Croatia,4.0,180.0,0.0,0.0,1.0,0.0,69.0,69.57,8.0,4.0,26.0,13.0,1.0,0.0,6.82,4.0,1.0,2.0,4.0,5.0,2.0,12.0,4.0,4.0,0.0,0.0,0.0,0.0,2.0,2.0,0.0
37633274,Ivan Canjuga,Lokomotiva Zagreb,Attacker,20,Croatia,6.0,178.0,0.0,0.0,1.0,1.0,37.0,78.38,0.0,2.0,13.0,7.0,0.0,0.0,6.85,3.0,2.0,1.0,2.0,4.0,2.0,1.0,0.0,2.0,3.0,1.0,0.0,0.0,2.0,2.0,0.0
25434,Stipe Perica,Rijeka,Attacker,30,Croatia,6.0,171.0,0.0,0.0,5.0,2.0,37.0,70.27,1.0,0.0,37.0,15.0,0.0,0.0,6.87,3.0,1.0,0.0,2.0,0.0,0.0,1.0,1.0,3.0,11.0,1.0,0.0,0.0,1.0,4.0,0.0
37287473,Logi Hrafn Róbertsson,Istra 1961,Midfielder,21,Iceland,6.0,171.0,0.0,0.0,1.0,0.0,78.0,79.49,4.0,2.0,18.0,10.0,0.0,0.0,6.76,3.0,1.0,2.0,4.0,0.0,0.0,6.0,2.0,0.0,1.0,4.0,0.0,0.0,0.0,4.0,0.0
14726287,Karlo Ziger,Gorica,Goalkeeper,25,Croatia,2.0,169.0,0.0,0.0,0.0,0.0,53.0,56.6,0.0,0.0,2.0,2.0,0.0,0.0,6.32,0.0,0.0,0.0,0.0,0.0,0.0,25.0,3.0,0.0,2.0,3.0,6.0,5.0,6.0,0.0,0.0
3568422,Ivan Delić,Šibenik,Attacker,27,Croatia,8.0,163.0,0.0,0.0,0.0,0.0,56.0,73.21,2.0,0.0,14.0,7.0,0.0,0.0,6.67,3.0,1.0,0.0,3.0,0.0,0.0,4.0,2.0,1.0,1.0,1.0,0.0,0.0,5.0,2.0,0.0
9636175,Vane Jovanov,Varaždin,Defender,27,Macedonia,11.0,157.0,0.0,0.0,3.0,1.0,40.0,57.5,3.0,4.0,20.0,7.0,1.0,0.0,6.71,1.0,0.0,1.0,3.0,9.0,0.0,10.0,3.0,0.0,3.0,5.0,0.0,0.0,1.0,5.0,0.0
37656054,Zvonimir Katalinic,Slaven Koprivnica,Defender,22,Croatia,4.0,147.0,0.0,0.0,0.0,0.0,64.0,85.94,3.0,1.0,16.0,5.0,1.0,0.0,6.56,0.0,0.0,1.0,0.0,0.0,0.0,8.0,4.0,0.0,2.0,5.0,0.0,0.0,4.0,0.0,0.0
132681,Anton Kresic,Gorica,Defender,30,Croatia,4.0,143.0,0.0,0.0,1.0,1.0,51.0,94.12,1.0,1.0,14.0,8.0,0.0,0.0,6.89,0.0,0.0,0.0,3.0,0.0,0.0,3.0,1.0,0.0,4.0,10.0,0.0,0.0,1.0,3.0,0.0
37581528,Ivan Baković,Šibenik,Attacker,23,Croatia,8.0,139.0,0.0,0.0,3.0,0.0,20.0,80.0,2.0,0.0,15.0,4.0,1.0,0.0,6.64,1.0,0.0,1.0,0.0,0.0,0.0,1.0,0.0,2.0,2.0,1.0,0.0,0.0,5.0,2.0,0.0
24065264,Danijel Djuric,Istra 1961,Midfielder,23,Iceland,7.0,136.0,0.0,0.0,2.0,0.0,68.0,76.47,2.0,1.0,17.0,7.0,0.0,0.0,6.69,3.0,0.0,0.0,4.0,4.0,1.0,3.0,0.0,2.0,1.0,0.0,0.0,0.0,1.0,3.0,0.0
3533990,Yassine Benrahou,Hajduk Split,Midfielder,27,Morocco,7.0,131.0,1.0,0.0,2.0,1.0,90.0,84.44,5.0,0.0,21.0,9.0,0.0,0.0,7.0,3.0,1.0,0.0,2.0,7.0,3.0,3.0,2.0,2.0,0.0,0.0,0.0,0.0,0.0,1.0,0.0
75072,Marijan Cabraja,Rijeka,Defender,29,Croatia,2.0,127.0,0.0,0.0,1.0,1.0,56.0,83.93,4.0,1.0,17.0,9.0,0.0,0.0,6.89,0.0,0.0,0.0,1.0,5.0,4.0,5.0,2.0,3.0,4.0,1.0,0.0,0.0,1.0,1.0,0.0
37631427,Irfan Ramic,Istra 1961,Defender,22,Bosnia and Herzegovina,5.0,116.0,0.0,0.0,2.0,1.0,23.0,73.91,6.0,2.0,13.0,7.0,0.0,0.0,6.76,1.0,0.0,1.0,0.0,2.0,0.0,3.0,1.0,1.0,1.0,1.0,0.0,0.0,5.0,2.0,0.0
37328002,Justice Ohajunwa,Osijek,Attacker,25,Nigeria,6.0,115.0,0.0,0.0,1.0,0.0,16.0,37.5,1.0,0.0,17.0,4.0,1.0,0.0,6.52,2.0,0.0,1.0,0.0,2.0,0.0,0.0,0.0,0.0,3.0,0.0,0.0,0.0,3.0,1.0,0.0
73124,Marko Leskovic,Slaven Koprivnica,Defender,35,Croatia,3.0,108.0,0.0,0.0,0.0,0.0,62.0,91.94,0.0,2.0,8.0,4.0,0.0,0.0,6.58,0.0,0.0,0.0,0.0,0.0,0.0,8.0,5.0,0.0,4.0,6.0,0.0,0.0,4.0,1.0,0.0
37701794,Leon Bošnjak,Slaven Koprivnica,Midfielder,20,Croatia,6.0,106.0,0.0,0.0,0.0,0.0,34.0,73.53,0.0,0.0,3.0,1.0,0.0,0.0,7.01,2.0,1.0,0.0,0.0,2.0,1.0,12.0,4.0,3.0,0.0,0.0,1.0,0.0,0.0,2.0,0.0
37656562,Toni Majic,Gorica,Attacker,20,Croatia,7.0,104.0,0.0,0.0,2.0,1.0,29.0,75.86,3.0,0.0,23.0,9.0,1.0,0.0,6.67,7.0,3.0,0.0,1.0,0.0,0.0,2.0,1.0,0.0,2.0,1.0,0.0,0.0,2.0,1.0,0.0
37604683,Fran Zilinski,Lokomotiva Zagreb,Defender,23,Croatia,2.0,102.0,0.0,0.0,0.0,0.0,50.0,74.0,1.0,2.0,7.0,2.0,1.0,0.0,6.78,2.0,1.0,0.0,0.0,5.0,1.0,4.0,1.0,1.0,0.0,2.0,0.0,0.0,3.0,0.0,0.0
37287259,Mateo Basic,Gorica,Defender,27,Croatia,3.0,101.0,0.0,0.0,0.0,0.0,39.0,66.67,6.0,1.0,14.0,8.0,0.0,0.0,6.59,3.0,1.0,1.0,1.0,1.0,0.0,3.0,2.0,0.0,1.0,5.0,0.0,0.0,4.0,1.0,0.0
37539576,Aidan Liu,Šibenik,Defender,26,United States,2.0,92.0,0.0,0.0,0.0,0.0,32.0,65.62,3.0,2.0,14.0,10.0,0.0,0.0,7.1,0.0,0.0,0.0,1.0,0.0,0.0,5.0,2.0,0.0,6.0,7.0,0.0,0.0,1.0,0.0,0.0
37530338,Atdhe Mazari,Varaždin,Attacker,25,Albania,5.0,91.0,0.0,0.0,0.0,0.0,27.0,66.67,0.0,1.0,14.0,6.0,1.0,0.0,6.65,4.0,1.0,1.0,4.0,5.0,1.0,1.0,0.0,0.0,1.0,2.0,0.0,0.0,1.0,2.0,0.0
333957,Ramón Miérez,Osijek,Attacker,29,Argentina,1.0,90.0,0.0,0.0,6.0,2.0,25.0,68.0,0.0,0.0,10.0,5.0,0.0,0.0,7.55,1.0,0.0,0.0,1.0,0.0,0.0,2.0,1.0,2.0,4.0,0.0,0.0,0.0,2.0,0.0,0.0
1479701,André Duarte,Osijek,Defender,28,Portugal,1.0,90.0,0.0,0.0,0.0,0.0,91.0,92.31,1.0,0.0,8.0,5.0,0.0,0.0,7.14,0.0,0.0,2.0,0.0,0.0,0.0,6.0,5.0,0.0,4.0,3.0,0.0,0.0,2.0,0.0,0.0
37555802,Toni Silic,Lokomotiva Zagreb,Goalkeeper,22,Croatia,1.0,90.0,0.0,0.0,0.0,0.0,28.0,64.29,0.0,0.0,1.0,0.0,0.0,0.0,6.63,0.0,0.0,0.0,0.0,0.0,0.0,16.0,6.0,0.0,0.0,0.0,3.0,3.0,3.0,0.0,0.0
37910996,Niko Vucetic,Rijeka,Goalkeeper,20,,1.0,90.0,0.0,0.0,0.0,0.0,18.0,61.11,0.0,0.0,0.0,0.0,0.0,0.0,7.0,0.0,0.0,0.0,0.0,0.0,0.0,12.0,5.0,0.0,0.0,1.0,1.0,1.0,0.0,1.0,0.0
4592290,Patrik Mohorović,Šibenik,Goalkeeper,27,Croatia,1.0,90.0,0.0,0.0,0.0,0.0,38.0,78.95,0.0,0.0,0.0,0.0,0.0,0.0,6.32,0.0,0.0,0.0,0.0,0.0,0.0,18.0,10.0,0.0,0.0,1.0,1.0,1.0,3.0,0.0,0.0
73926,Josip Posavec,Rijeka,Goalkeeper,30,Croatia,1.0,90.0,0.0,0.0,0.0,0.0,36.0,75.0,0.0,0.0,0.0,0.0,0.0,0.0,7.55,0.0,0.0,0.0,0.0,0.0,0.0,17.0,9.0,0.0,0.0,3.0,3.0,1.0,0.0,1.0,0.0
73600,Darijan Zarkov,Gorica,Goalkeeper,33,Croatia,1.0,90.0,0.0,0.0,0.0,0.0,40.0,65.0,0.0,0.0,1.0,1.0,0.0,0.0,6.8,0.0,0.0,0.0,0.0,0.0,0.0,19.0,6.0,0.0,1.0,2.0,5.0,4.0,4.0,0.0,0.0
37546051,Nikola Jojic,Gorica,Attacker,22,Serbia,3.0,88.0,0.0,0.0,0.0,0.0,18.0,77.78,1.0,0.0,12.0,4.0,1.0,0.0,6.54,3.0,1.0,0.0,2.0,1.0,1.0,1.0,1.0,1.0,0.0,1.0,0.0,0.0,2.0,0.0,0.0
37679271,Mario Matkovic,Gorica,Defender,23,Croatia,3.0,82.0,0.0,0.0,0.0,0.0,28.0,71.43,2.0,2.0,9.0,6.0,0.0,0.0,6.56,1.0,0.0,0.0,1.0,0.0,0.0,6.0,3.0,0.0,3.0,3.0,0.0,0.0,4.0,1.0,0.0
37688867,Marino Skelin,Hajduk Split,Defender,19,Croatia,2.0,75.0,0.0,0.0,1.0,0.0,33.0,93.94,2.0,1.0,6.0,5.0,0.0,0.0,6.64,0.0,0.0,1.0,0.0,0.0,0.0,3.0,1.0,0.0,3.0,2.0,0.0,0.0,1.0,0.0,0.0
37533153,Bruno Brajković,Šibenik,Defender,25,Croatia,3.0,75.0,0.0,0.0,1.0,0.0,29.0,68.97,0.0,0.0,3.0,1.0,0.0,0.0,6.38,1.0,1.0,0.0,0.0,15.0,3.0,4.0,0.0,1.0,0.0,1.0,0.0,0.0,3.0,0.0,0.0
37356504,Bujar Pllana,Slaven Koprivnica,Defender,24,Kosovo,1.0,74.0,0.0,0.0,1.0,0.0,19.0,89.47,1.0,0.0,7.0,4.0,0.0,0.0,6.94,2.0,1.0,0.0,2.0,0.0,0.0,4.0,4.0,0.0,0.0,5.0,0.0,0.0,2.0,0.0,0.0
31002,Ivan Perišić,Hajduk Split,Attacker,37,Croatia,1.0,68.0,0.0,0.0,1.0,0.0,16.0,75.0,0.0,0.0,2.0,2.0,0.0,0.0,7.14,0.0,0.0,0.0,1.0,0.0,0.0,2.0,1.0,2.0,1.0,2.0,0.0,0.0,1.0,0.0,0.0
24818261,Thierry Nevers,Varaždin,Attacker,24,England,2.0,67.0,0.0,0.0,1.0,1.0,18.0,83.33,1.0,0.0,10.0,6.0,0.0,0.0,6.89,5.0,2.0,0.0,3.0,2.0,0.0,1.0,0.0,1.0,0.0,1.0,0.0,0.0,0.0,1.0,0.0
37764893,Niko Farkas,Osijek,Midfielder,19,,3.0,61.0,0.0,0.0,1.0,1.0,17.0,58.82,0.0,0.0,5.0,1.0,1.0,0.0,6.53,3.0,1.0,0.0,0.0,1.0,0.0,0.0,0.0,2.0,0.0,0.0,0.0,0.0,0.0,0.0,0.0
37515615,Balsa Toskovic,Lokomotiva Zagreb,Attacker,23,Montenegro,2.0,54.0,0.0,0.0,1.0,0.0,16.0,56.25,0.0,0.0,4.0,1.0,0.0,0.0,6.58,1.0,0.0,0.0,0.0,1.0,0.0,4.0,1.0,1.0,1.0,0.0,0.0,0.0,2.0,0.0,0.0
37717672,Ivan Katic ,Lokomotiva Zagreb,Midfielder,20,Croatia,6.0,53.0,0.0,0.0,0.0,0.0,36.0,75.0,6.0,2.0,19.0,10.0,2.0,0.0,6.68,2.0,1.0,1.0,1.0,0.0,0.0,6.0,3.0,0.0,2.0,2.0,0.0,0.0,1.0,2.0,0.0
37594505,Niko Domjanic,Varaždin,Attacker,23,Croatia,7.0,49.0,0.0,0.0,0.0,0.0,17.0,64.71,1.0,0.0,9.0,4.0,0.0,0.0,6.63,2.0,0.0,0.0,2.0,0.0,0.0,0.0,0.0,1.0,1.0,0.0,0.0,0.0,0.0,2.0,0.0
73884,Ante Ćorić,Varaždin,Midfielder,29,Croatia,2.0,47.0,0.0,0.0,0.0,0.0,15.0,86.67,1.0,0.0,3.0,1.0,0.0,0.0,6.58,0.0,0.0,0.0,0.0,2.0,0.0,1.0,0.0,0.0,0.0,0.0,0.0,0.0,0.0,0.0,0.0
12371944,Andres Ferro,Istra 1961,Defender,24,Venezuela,1.0,45.0,0.0,0.0,0.0,0.0,22.0,81.82,1.0,0.0,8.0,2.0,0.0,0.0,6.32,0.0,0.0,2.0,0.0,0.0,0.0,1.0,1.0,0.0,1.0,1.0,0.0,0.0,1.0,1.0,0.0
37594485,Ante Matej Juric,Gorica,Attacker,23,Croatia,1.0,44.0,0.0,0.0,0.0,0.0,18.0,61.11,1.0,0.0,6.0,2.0,0.0,0.0,6.73,0.0,0.0,1.0,0.0,0.0,0.0,3.0,1.0,0.0,1.0,2.0,0.0,0.0,0.0,1.0,0.0
73929,Petar Bockaj,Dinamo Zagreb,Defender,29,Croatia,1.0,44.0,0.0,0.0,1.0,0.0,22.0,77.27,1.0,2.0,6.0,5.0,0.0,0.0,7.85,1.0,1.0,0.0,2.0,14.0,4.0,7.0,4.0,3.0,1.0,2.0,0.0,0.0,0.0,0.0,0.0
37731865,Sekou Matar Sagna,Gorica,Midfielder,22,Senegal,1.0,44.0,0.0,0.0,0.0,0.0,6.0,50.0,2.0,0.0,8.0,3.0,1.0,0.0,7.04,0.0,0.0,2.0,0.0,0.0,0.0,0.0,0.0,0.0,1.0,0.0,0.0,0.0,1.0,0.0,0.0
37341949,Franko Kolic,Istra 1961,Goalkeeper,23,Croatia,1.0,39.0,0.0,0.0,0.0,0.0,9.0,100.0,0.0,0.0,0.0,0.0,0.0,0.0,6.74,0.0,0.0,0.0,0.0,0.0,0.0,3.0,3.0,0.0,0.0,1.0,1.0,1.0,0.0,0.0,0.0
37440610,Ricuenio Kewal,Osijek,Attacker,24,Netherlands,2.0,38.0,0.0,0.0,1.0,0.0,8.0,62.5,1.0,1.0,4.0,2.0,0.0,0.0,6.79,0.0,0.0,1.0,1.0,2.0,1.0,1.0,0.0,0.0,0.0,0.0,0.0,0.0,1.0,0.0,0.0
64751,Antonio Jakoliš,Šibenik,Attacker,34,Croatia,4.0,29.0,0.0,0.0,0.0,0.0,5.0,60.0,0.0,0.0,6.0,1.0,0.0,0.0,6.54,0.0,0.0,1.0,1.0,1.0,0.0,1.0,0.0,1.0,0.0,0.0,0.0,0.0,0.0,1.0,0.0
37733235,Israel Isaac Ayuma,Istra 1961,Midfielder,20,,1.0,20.0,0.0,0.0,0.0,0.0,7.0,71.43,1.0,0.0,5.0,1.0,0.0,0.0,6.32,2.0,0.0,1.0,0.0,0.0,0.0,0.0,0.0,0.0,0.0,0.0,0.0,0.0,0.0,0.0,0.0
37667195,Ante Susak,Gorica,Defender,20,Croatia,4.0,20.0,0.0,0.0,0.0,0.0,19.0,78.95,1.0,2.0,6.0,2.0,0.0,0.0,6.58,0.0,0.0,1.0,0.0,3.0,0.0,1.0,1.0,1.0,1.0,0.0,0.0,0.0,1.0,0.0,0.0
1452164,Emmanuel Banda,Rijeka,Midfielder,28,Zambia,1.0,19.0,0.0,0.0,0.0,0.0,16.0,75.0,1.0,0.0,1.0,1.0,0.0,0.0,7.04,0.0,0.0,0.0,0.0,2.0,0.0,7.0,4.0,1.0,0.0,0.0,0.0,0.0,0.0,1.0,0.0
37732501,Leon Jakirovic,Dinamo Zagreb,Defender,18,,1.0,18.0,0.0,0.0,0.0,0.0,16.0,81.25,0.0,0.0,0.0,0.0,0.0,0.0,6.62,0.0,0.0,0.0,0.0,0.0,0.0,1.0,0.0,0.0,0.0,0.0,0.0,0.0,0.0,1.0,0.0
37696419,Noa Mikić,Dinamo Zagreb,Defender,19,Croatia,2.0,18.0,0.0,0.0,0.0,0.0,5.0,60.0,2.0,1.0,4.0,2.0,0.0,0.0,6.62,0.0,0.0,1.0,0.0,0.0,0.0,3.0,1.0,0.0,0.0,3.0,0.0,0.0,1.0,1.0,0.0
37672279,J. Iyendjock,Šibenik,Midfielder,23,Cameroon,1.0,17.0,0.0,0.0,0.0,0.0,5.0,60.0,3.0,0.0,5.0,3.0,0.0,0.0,7.04,0.0,0.0,0.0,0.0,0.0,0.0,0.0,0.0,0.0,0.0,2.0,0.0,0.0,0.0,0.0,0.0
37600586,Zlatan Koščević,Šibenik,Attacker,21,Croatia,2.0,15.0,0.0,0.0,0.0,0.0,5.0,100.0,0.0,0.0,0.0,0.0,0.0,0.0,6.5,0.0,0.0,0.0,0.0,2.0,0.0,0.0,0.0,0.0,0.0,0.0,0.0,0.0,0.0,0.0,0.0
37600600,Filip Markanovic,Lokomotiva Zagreb,Defender,21,Croatia,1.0,14.0,0.0,0.0,0.0,0.0,9.0,55.56,1.0,0.0,1.0,1.0,0.0,0.0,6.94,0.0,0.0,0.0,0.0,0.0,0.0,5.0,2.0,1.0,0.0,0.0,0.0,0.0,0.0,0.0,0.0
10276256,Andrej Lazarov,Gorica,Midfielder,26,Macedonia,1.0,13.0,0.0,0.0,0.0,0.0,5.0,80.0,3.0,0.0,3.0,3.0,0.0,0.0,6.83,0.0,0.0,0.0,0.0,0.0,0.0,1.0,0.0,0.0,0.0,0.0,0.0,0.0,0.0,1.0,0.0
37596438,Marko Capan,Hajduk Split,Midfielder,22,Croatia,1.0,13.0,0.0,0.0,0.0,0.0,0.0,0.0,0.0,0.0,0.0,0.0,0.0,0.0,,0.0,0.0,0.0,0.0,0.0,0.0,0.0,0.0,0.0,0.0,0.0,0.0,0.0,0.0,0.0,0.0
37719905,Matija Subotic,Lokomotiva Zagreb,Midfielder,18,Croatia,2.0,10.0,0.0,0.0,0.0,0.0,11.0,54.55,0.0,0.0,2.0,1.0,0.0,0.0,6.26,0.0,0.0,0.0,0.0,0.0,0.0,3.0,0.0,0.0,1.0,1.0,0.0,0.0,0.0,1.0,0.0
37697731,Ivan Kukavica,Lokomotiva Zagreb,Midfielder,22,Croatia,0.0,10.0,0.0,0.0,0.0,0.0,4.0,25.0,0.0,0.0,3.0,1.0,0.0,0.0,6.22,0.0,0.0,0.0,0.0,0.0,0.0,0.0,0.0,0.0,1.0,0.0,0.0,0.0,1.0,0.0,0.0
37540938,Mauro Perkovic,Dinamo Zagreb,Defender,23,Croatia,1.0,8.0,0.0,0.0,0.0,0.0,7.0,100.0,0.0,0.0,0.0,0.0,0.0,0.0,6.73,0.0,0.0,0.0,0.0,0.0,0.0,0.0,0.0,0.0,0.0,1.0,0.0,0.0,0.0,0.0,0.0
37738316,Kresimir Vrbanac,Osijek,Defender,21,,1.0,7.0,0.0,0.0,0.0,0.0,0.0,0.0,0.0,0.0,0.0,0.0,0.0,0.0,6.43,0.0,0.0,0.0,0.0,0.0,0.0,0.0,0.0,0.0,0.0,2.0,0.0,0.0,1.0,0.0,0.0
37660078,Luka Jurak,Hajduk Split,Midfielder,20,Croatia,1.0,7.0,0.0,0.0,0.0,0.0,9.0,66.67,2.0,0.0,4.0,2.0,0.0,0.0,6.63,0.0,0.0,1.0,0.0,0.0,0.0,0.0,0.0,0.0,0.0,0.0,0.0,0.0,0.0,0.0,0.0
37786118,Domagoj Ivan Maric,Rijeka,Goalkeeper,20,,1.0,6.0,0.0,0.0,0.0,0.0,8.0,12.5,0.0,0.0,0.0,0.0,0.0,0.0,6.73,0.0,0.0,0.0,0.0,0.0,0.0,8.0,1.0,0.0,0.0,0.0,0.0,0.0,0.0,0.0,0.0
74005,Dino Peric,Dinamo Zagreb,Defender,31,Croatia,1.0,4.0,0.0,0.0,0.0,0.0,0.0,0.0,0.0,0.0,3.0,0.0,0.0,0.0,6.53,0.0,0.0,0.0,0.0,0.0,0.0,0.0,0.0,0.0,0.0,0.0,0.0,0.0,0.0,0.0,0.0
37719909,Patrik Marić,Slaven Koprivnica,Attacker,18,Croatia,2.0,3.0,0.0,0.0,0.0,0.0,3.0,66.67,0.0,0.0,0.0,0.0,0.0,0.0,,0.0,0.0,0.0,0.0,0.0,0.0,1.0,0.0,0.0,0.0,0.0,0.0,0.0,0.0,1.0,0.0
37751045,Vito Šegović,Varaždin,,19,,1.0,3.0,0.0,0.0,0.0,0.0,5.0,100.0,0.0,0.0,0.0,0.0,0.0,0.0,,0.0,0.0,0.0,0.0,0.0,0.0,1.0,1.0,0.0,0.0,0.0,0.0,0.0,0.0,0.0,0.0
37904235,Marko Aščić,Slaven Koprivnica,Attacker,19,,3.0,3.0,0.0,0.0,0.0,0.0,5.0,80.0,0.0,0.0,4.0,3.0,0.0,0.0,,0.0,0.0,0.0,3.0,0.0,0.0,0.0,0.0,0.0,0.0,0.0,0.0,0.0,0.0,1.0,0.0
37719907,Mislav Ćutuk,Dinamo Zagreb,Attacker,19,Croatia,1.0,2.0,0.0,0.0,0.0,0.0,0.0,0.0,0.0,0.0,0.0,0.0,0.0,0.0,6.63,0.0,0.0,0.0,0.0,0.0,0.0,0.0,0.0,0.0,0.0,1.0,0.0,0.0,1.0,0.0,0.0
37259124,David Mistrafovic,Varaždin,Midfielder,25,Switzerland,1.0,1.0,0.0,0.0,0.0,0.0,0.0,0.0,0.0,0.0,0.0,0.0,0.0,0.0,,0.0,0.0,0.0,0.0,1.0,0.0,0.0,0.0,0.0,0.0,0.0,0.0,0.0,0.0,1.0,0.0
37634148,Bruno Burcul,Rijeka,Midfielder,21,Croatia,1.0,1.0,0.0,0.0,0.0,0.0,0.0,0.0,0.0,0.0,0.0,0.0,0.0,0.0,,0.0,0.0,0.0,0.0,0.0,0.0,0.0,0.0,0.0,0.0,0.0,0.0,0.0,0.0,0.0,0.0
37728377,Ivan Barić,Osijek,Attacker,19,Croatia,1.0,1.0,0.0,0.0,0.0,0.0,1.0,100.0,0.0,0.0,1.0,1.0,0.0,0.0,,0.0,0.0,0.0,0.0,0.0,0.0,0.0,0.0,0.0,1.0,0.0,0.0,0.0,0.0,0.0,0.0
