player_id,player_name,team_name,position,age,minutes,rating,goals_per90,assists_per90,shots_per90,shots_on_target_per90,passes_per90,tackles_per90,interceptions_per90,cards_per90,shot_accuracy,goal_conversion,pass_accuracy_ratio,duel_success_rate,minutes_per_appearance,goal_contribution_per90,attacking_score,creative_score,defensive_score,discipline_score,overall_score,cluster
37556504,Paul Tabinas,Dinamo Zagreb,Defender,24.0,505.0,6.48,0.0,0.1782178217821782,0.3564356435643564,0.0,21.92079207920792,2.1386138613861387,0.7128712871287128,0.0,0.0,0.0,0.7561,50.0,56.11111111111112,0.1782178217821782,17.91483113069016,43.24522760646108,56.16740088105727,93.17180616740087,44.51541850220264,3
37594758,Fran Topic,Dinamo Zagreb,Attacker,22.0,732.0,6.76,0.2459016393442623,0.0,1.9672131147540983,0.7377049180327869,30.983606557377048,2.0901639344262297,0.6147540983606558,0.2459016393442623,37.5,12.5,0.7857,48.48484848484848,43.05882352941177,0.2459016393442623,80.98384728340676,36.78414096916299,50.66079295154185,33.48017621145375,53.87665198237885,3
22878483,Dion Beljo,Dinamo Zagreb,Attacker,24.0,2619.0,7.47,1.0652920962199313,0.1718213058419244,3.5051546391752577,1.924398625429553,17.353951890034363,0.2405498281786941,0.1718213058419244,0.0687285223367697,54.90196078431372,30.392156862745097,0.7743000000000001,48.14814814814815,72.75,1.2371134020618555,99.70631424375917,42.58443465491924,18.869309838472837,80.61674008810573,56.40969162995594,0
1486200,Arbër Hoxha,Dinamo Zagreb,Attacker,27.0,1818.0,6.97,0.3465346534653465,0.2475247524752475,2.6732673267326734,0.9405940594059404,22.871287128712872,0.9405940594059404,0.2475247524752475,0.1485148514851485,35.18518518518518,12.962962962962964,0.8312,43.67346938775511,58.64516129032258,0.594059405940594,86.63729809104258,60.4992657856094,19.67694566813509,58.14977973568282,55.8590308370044,0
74071,Ivan Nevistic,Dinamo Zagreb,Goalkeeper,27.0,1170.0,6.73,0.0,0.0,0.0,0.0,30.07692307692308,0.0,0.0,0.0,0.0,0.0,0.7289,75.0,90.0,0.0,17.91483113069016,27.38619676945668,33.480176211453745,93.17180616740087,32.95154185022026,2
173047,Scott McKenna,Dinamo Zagreb,Defender,29.0,2628.0,7.11,0.0684931506849315,0.1027397260273972,0.9246575342465754,0.273972602739726,68.01369863013699,0.958904109589041,0.6164383561643836,0.1027397260273972,29.62962962962963,7.407407407407407,0.8993000000000001,65.2542372881356,87.6,0.1712328767123287,55.87371512481644,87.07782672540382,50.80763582966227,71.58590308370044,65.2863436123348,1
37553141,Monsef Bakrar,Dinamo Zagreb,Attacker,25.0,1511.0,6.87,0.5956320317670417,0.2382528127068166,3.156849768365321,1.1317008603573793,21.74056915949702,1.3103904698874915,0.8934480476505625,0.357379219060225,35.84905660377358,18.867924528301888,0.7095999999999999,38.13953488372093,52.10344827586207,0.8338848444738584,95.15418502202644,41.26284875183554,33.333333333333336,11.453744493392064,52.0704845814978,0
37538492,Gabriel Vidovic,Dinamo Zagreb,Attacker,22.0,1380.0,7.0,0.4565217391304347,0.2608695652173913,2.4782608695652173,0.9782608695652174,34.82608695652174,1.3695652173913044,0.8478260869565217,0.0652173913043478,39.47368421052632,18.42105263157895,0.8652,49.681528662420384,51.11111111111112,0.717391304347826,91.776798825257,79.00146842878121,47.28340675477239,81.93832599118943,73.61233480176212,0
73721,Dominik Livakovic,Dinamo Zagreb,Goalkeeper,31.0,1260.0,6.78,0.0,0.0,0.0,0.0,28.428571428571427,0.0,0.0,0.0,0.0,0.0,0.8140999999999999,100.0,90.0,0.0,17.91483113069016,38.839941262848754,34.87518355359765,93.17180616740087,36.80616740088106,2
37550997,Moreno Zivkovic,Dinamo Zagreb,Defender,22.0,1199.0,6.5,0.0,0.0750625521267723,0.0750625521267723,0.0,36.25521267723103,1.5763135946622184,1.426188490408674,0.3002502085070892,0.0,0.0,0.8427,59.09090909090909,85.64285714285714,0.0750625521267723,17.91483113069016,62.77533039647577,74.22907488986783,19.162995594713664,48.392070484581495,1
100190,Ismaël Bennacer,Dinamo Zagreb,Midfielder,28.0,956.0,7.13,0.0941422594142259,0.1882845188284518,0.7531380753138075,0.3765690376569037,63.07531380753138,2.5418410041841004,1.0355648535564854,0.1882845188284518,50.0,12.5,0.8925,60.54421768707483,56.23529411764706,0.2824267782426778,67.18061674008811,91.77679882525696,78.78120411160059,46.475770925110126,75.96916299559471,1
134041,Miha Zajc,Dinamo Zagreb,Midfielder,32.0,1656.0,7.46,0.4347826086956521,0.3804347826086957,1.9565217391304348,0.7608695652173914,43.42391304347826,1.3043478260869563,0.7608695652173914,0.108695652173913,38.888888888888886,22.22222222222222,0.8498,43.51145038167939,72.0,0.8152173913043479,92.0704845814978,83.99412628487518,34.58149779735683,70.04405286343612,70.19823788546255,0
540173,Sandro Kulenovic,Dinamo Zagreb,Attacker,26.0,505.0,6.93,1.0693069306930694,0.0,3.742574257425743,1.7821782178217822,26.73267326732673,0.8910891089108911,0.3564356435643564,0.7128712871287128,47.61904761904762,28.571428571428573,0.7267,48.4375,31.5625,1.0693069306930694,99.55947136563876,23.421439060205586,26.284875183553595,1.321585903083701,44.91189427312775,0
1452457,Dejan Ljubicic,Dinamo Zagreb,Midfielder,28.0,1008.0,6.83,0.0,0.2678571428571428,1.4285714285714286,0.5357142857142857,35.535714285714285,1.0714285714285714,0.1785714285714285,0.0892857142857142,37.5,0.0,0.8568000000000001,32.25806451612903,67.2,0.2678571428571428,39.3538913362702,78.12041116005874,14.096916299559473,75.77092511013215,47.04845814977973,3
73489,Ivan Filipovic,Dinamo Zagreb,Goalkeeper,31.0,810.0,6.83,0.0,0.0,0.0,0.0,28.444444444444443,0.1111111111111111,0.0,0.0,0.0,0.0,0.75,100.0,90.0,0.0,17.91483113069016,28.340675477239355,36.49045521292218,93.17180616740087,34.1409691629956,2
37512280,Niko Galesic,Dinamo Zagreb,Defender,25.0,1405.0,6.85,0.0,0.0,0.896797153024911,0.192170818505338,61.62277580071174,2.04982206405694,1.0249110320284698,0.0640569395017793,21.428571428571427,0.0,0.8701000000000001,57.85123966942149,63.86363636363637,0.0,29.51541850220265,68.79588839941262,71.36563876651982,82.81938325991189,59.18502202643173,1
73519,Josip Misic,Dinamo Zagreb,Midfielder,32.0,2658.0,7.26,0.0677200902934537,0.1015801354401805,0.981941309255079,0.3386004514672686,52.957110609480814,2.2686230248307,1.72686230248307,0.2708803611738149,34.48275862068966,6.896551724137931,0.8824,56.52173913043478,85.74193548387096,0.1693002257336343,56.38766519823789,82.8193832599119,84.1409691629956,27.75330396475772,69.77973568281938,1
37540937,Mateo Lisica,Dinamo Zagreb,Attacker,22.0,1387.0,6.97,0.129776496034607,0.5191059841384282,1.3626532083633742,0.3893294881038212,32.89834174477289,1.6222062004325883,0.5839942321557318,0.0648882480173035,28.571428571428573,9.523809523809524,0.8659,55.172413793103445,55.48,0.6488824801730353,67.62114537444934,78.56093979441998,53.15712187958885,82.37885462555066,68.03964757709251,3
75251,Bruno Goda,Dinamo Zagreb,Defender,28.0,1587.0,6.8,0.0,0.1134215500945179,0.5103969754253308,0.0,49.56521739130435,2.722117202268431,1.3610586011342154,0.1134215500945179,0.0,0.0,0.7895,60.73298429319372,63.48,0.1134215500945179,17.91483113069016,67.40088105726873,87.66519823788546,69.60352422907489,58.85462555066079,1
37544959,Moris Valincic,Dinamo Zagreb,Defender,23.0,1967.0,6.82,0.0,0.0457549567869852,0.5033045246568378,0.1372648703609557,44.83985765124555,1.052364006100661,1.052364006100661,0.1372648703609557,27.27272727272728,0.0,0.8429000000000001,53.44827586206897,72.85185185185185,0.0457549567869852,26.13803230543319,66.37298091042584,52.56975036710719,62.11453744493392,49.73568281938325,1
37324970,Marko Soldo,Dinamo Zagreb,Midfielder,22.0,689.0,6.77,0.3918722786647315,0.1306240928882438,2.0899854862119014,0.9143686502177067,47.80841799709725,2.8737300435413644,1.69811320754717,0.1306240928882438,43.75,18.75,0.8552,52.0,29.95652173913044,0.5224963715529753,91.40969162995594,79.00146842878121,83.11306901615272,64.75770925110132,82.53303964757708,0
37598782,Matteo Pérez Vinlöf,Dinamo Zagreb,Defender,20.0,1647.0,6.95,0.0,0.1639344262295081,0.546448087431694,0.1639344262295081,54.20765027322405,1.8032786885245904,0.6557377049180327,0.1639344262295081,30.0,0.0,0.8478,58.333333333333336,65.88,0.1639344262295081,27.6064610866373,83.84728340675478,60.05873715124816,53.30396475770925,56.784140969163,1
37563601,Luka Stojkovic,Dinamo Zagreb,Midfielder,22.0,1812.0,7.23,0.347682119205298,0.5960264900662252,3.576158940397351,1.2913907284768211,45.6953642384106,1.5397350993377483,0.8443708609271523,0.2483443708609271,36.11111111111112,9.72222222222222,0.8456999999999999,44.65116279069768,62.48275862068966,0.9437086092715232,86.49045521292219,85.60939794419971,41.85022026431718,32.59911894273128,67.44493392070486,0
37596354,Sergi Domínguez,Dinamo Zagreb,Defender,21.0,2576.0,7.08,0.0698757763975155,0.1048136645962733,0.8734472049689441,0.2096273291925466,73.33462732919254,1.9565217391304348,1.3276397515527951,0.139751552795031,24.0,8.0,0.8709,62.94820717131474,85.86666666666666,0.1746894409937888,53.9647577092511,85.46255506607929,80.46989720998532,61.23348017621145,72.09251101321584,1
37915521,Branimir Mlacic,Hajduk Split,Defender,19.0,1284.0,6.9,0.0,0.0700934579439252,0.3504672897196261,0.0700934579439252,54.04205607476636,1.191588785046729,0.8411214953271028,0.1401869158878504,20.0,0.0,0.9196,58.65384615384615,85.6,0.0700934579439252,22.320117474302496,81.42437591776797,55.21292217327459,60.79295154185022,53.76651982378854,1
37694071,Niko Sigur,Hajduk Split,Midfielder,22.0,2224.0,6.97,0.0404676258992805,0.0809352517985611,0.4451438848920863,0.0809352517985611,55.48111510791367,2.79226618705036,1.335431654676259,0.2023381294964028,18.181818181818183,9.090909090909092,0.903,57.142857142857146,76.6896551724138,0.1214028776978417,45.08076358296623,82.8928046989721,84.36123348017621,42.731277533039645,67.97356828193833,1
37555802,Toni Silic,Hajduk Split,Goalkeeper,22.0,1890.0,6.93,0.0,0.0,0.0476190476190476,0.0,27.61904761904762,0.0952380952380952,0.0,0.0476190476190476,0.0,0.0,0.7379000000000001,71.42857142857143,90.0,0.0,17.91483113069016,25.036710719530102,34.581497797356825,85.90308370044053,31.85022026431718,2
73932,Fran Karacic,Hajduk Split,Defender,30.0,908.0,6.71,0.0991189427312775,0.0991189427312775,0.6938325991189427,0.198237885462555,29.834801762114537,2.0814977973568283,1.1894273127753303,0.0991189427312775,28.571428571428573,14.285714285714286,0.7409,50.0,82.54545454545455,0.198237885462555,63.950073421439065,42.51101321585903,65.8590308370044,72.46696035242292,58.94273127753304,3
37596437,Roko Brajkovic,Hajduk Split,Attacker,21.0,1300.0,6.87,0.2076923076923077,0.2076923076923077,1.7307692307692308,0.9,29.07692307692308,1.7307692307692308,0.2076923076923077,0.1384615384615384,52.0,12.0,0.8024,42.51497005988024,61.90476190476191,0.4153846153846154,79.95594713656389,60.05873715124816,29.221732745961816,61.67400881057269,56.93832599118942,0
3568423,Michele Sego,Hajduk Split,Attacker,25.0,2051.0,6.99,0.5704534373476353,0.2194051682106289,2.676743052169673,1.2286689419795225,19.527059970745977,0.3949293027791321,0.4388103364212579,0.1755241345685031,45.90163934426229,21.311475409836067,0.7573000000000001,45.69892473118279,64.09375,0.7898586055582643,96.91629955947135,45.37444933920705,20.70484581497797,50.22026431718062,53.920704845814974,0
73871,Filip Krovinovic,Hajduk Split,Midfielder,30.0,2140.0,7.09,0.0420560747663551,0.0,2.1448598130841123,0.7149532710280374,53.873831775700936,1.3037383177570094,0.5046728971962616,0.0,33.333333333333336,1.96078431372549,0.8759,54.5945945945946,73.79310344827586,0.0420560747663551,58.590308370044056,67.76798825256975,44.19970631424375,93.17180616740087,60.48458149779736,1
37550498,Ron Raci,Hajduk Split,Defender,23.0,1300.0,6.84,0.0,0.0,0.7615384615384615,0.0,51.99230769230769,2.353846153846154,1.2461538461538462,0.2769230769230769,0.0,0.0,0.9134,56.0,72.22222222222223,0.0,17.91483113069016,69.6769456681351,78.26725403817915,25.330396475770925,52.29074889867841,1
129013,Marko Livaja,Hajduk Split,Attacker,32.0,1744.0,7.06,0.4644495412844037,0.3096330275229357,3.096330275229358,1.444954128440367,21.158256880733944,0.3612385321100917,0.0,0.3096330275229357,46.66666666666666,15.0,0.7,44.94949494949495,67.07692307692308,0.7740825688073394,92.80469897209986,41.116005873715125,12.848751835535976,17.62114537444934,45.79295154185022,0
15062015,Abdoulie Sanyang,Hajduk Split,Attacker,27.0,844.0,6.76,0.3199052132701421,0.2132701421800948,2.0260663507109005,1.066350710900474,21.86018957345972,2.559241706161137,0.3199052132701421,0.3199052132701421,52.63157894736842,15.789473684210526,0.7512000000000001,49.66887417218543,32.46153846153846,0.533175355450237,89.2070484581498,45.22760646108664,50.80763582966225,17.180616740088112,57.290748898678416,0
52801,Dario Maresic,Hajduk Split,Defender,26.0,1798.0,6.92,0.050055617352614,0.100111234705228,0.3503893214682981,0.050055617352614,63.42046718576196,1.7519466073414904,1.0011123470522802,0.3503893214682981,14.285714285714286,14.285714285714286,0.8169,60.41666666666666,89.9,0.150166852057842,50.44052863436124,75.69750367107196,68.79588839941263,12.55506607929516,59.735682819383264,1
32636,Ante Rebić,Hajduk Split,Attacker,32.0,1828.0,7.02,0.3446389496717724,0.2461706783369803,2.363238512035011,1.1323851203501094,24.61706783369803,1.673960612691466,0.6400437636761488,0.2954048140043763,47.91666666666666,14.583333333333334,0.614,44.85294117647059,70.3076923076923,0.5908096280087527,90.01468428781203,39.20704845814978,39.94126284875184,21.1453744493392,52.863436123348016,0
73976,Ivica Ivusic,Hajduk Split,Goalkeeper,31.0,1350.0,6.72,0.0,0.0,0.0,0.0,27.33333333333333,0.0666666666666666,0.0666666666666666,0.0666666666666666,0.0,0.0,0.7487999999999999,100.0,90.0,0.0,17.91483113069016,26.651982378854623,37.59177679882526,81.05726872246696,32.75330396475771,2
1485781,Zvonimir Sarlija,Hajduk Split,Defender,29.0,2211.0,6.95,0.0407055630936228,0.0407055630936228,0.5291723202170964,0.0814111261872456,67.32700135685211,1.6282225237449115,0.9769335142469472,0.3663500678426051,15.384615384615383,7.6923076923076925,0.9196,58.89328063241107,81.88888888888889,0.0814111261872456,43.02496328928047,80.69016152716593,65.7856093979442,10.132158590308364,57.86343612334801,1
5641028,Hugo Guillamón,Hajduk Split,Midfielder,26.0,1377.0,6.91,0.0,0.0,0.7189542483660131,0.196078431372549,69.67320261437908,2.2222222222222223,1.568627450980392,0.261437908496732,27.27272727272728,0.0,0.8734000000000001,52.980132450331126,59.869565217391305,0.0,29.80910425844347,70.41116005873715,78.70778267254038,29.95594713656388,56.67400881057269,1
37596430,Simun Hrgovic,Hajduk Split,Defender,22.0,2238.0,6.74,0.0,0.1206434316353887,0.4423592493297587,0.0402144772117962,41.30026809651474,1.1662198391420913,0.6434316353887399,0.0,9.090909090909092,0.0,0.7955,50.0,77.17241379310344,0.1206434316353887,20.998531571218795,64.09691629955948,40.01468428781204,93.17180616740087,46.85022026431718,1
37596443,Rokas Pukstas,Hajduk Split,Midfielder,21.0,2455.0,7.26,0.329938900203666,0.0366598778004073,2.676171079429736,1.1731160896130346,26.54175152749491,2.4562118126272914,0.8065173116089613,0.219959266802444,43.83561643835616,12.32876712328767,0.7265,57.20081135902637,79.19354838709677,0.3665987780040733,86.78414096916299,30.396475770925107,70.19089574155653,38.76651982378855,60.08810572687224,0
56643,Dario Melnjak,Hajduk Split,Defender,33.0,907.0,6.78,0.0,0.1984564498346196,1.3891951488423373,0.4961411245865491,46.14112458654906,1.587651598676957,0.8930540242557883,0.0,35.714285714285715,0.0,0.7698999999999999,56.75675675675676,41.22727272727273,0.1984564498346196,38.61967694566814,69.01615271659324,60.64610866372981,93.17180616740087,59.801762114537446,3
28912771,Adrion Pajaziti,Hajduk Split,Midfielder,23.0,1970.0,6.86,0.0456852791878172,0.0456852791878172,1.0050761421319796,0.2284263959390862,59.16243654822335,2.1928934010152283,0.868020304568528,0.2741116751269035,22.727272727272727,4.545454545454546,0.912,52.17391304347826,63.54838709677419,0.0913705583756345,49.33920704845815,79.88252569750368,63.87665198237886,27.31277533039648,60.66079295154185,1
37661771,Iker Almena,Hajduk Split,Attacker,22.0,1571.0,7.09,0.1718650541056652,0.1145767027371101,1.7759388924252069,0.8020369191597708,31.05028644175684,0.8020369191597708,0.3437301082113304,0.057288351368555,45.16129032258065,9.67741935483871,0.8118000000000001,59.863945578231295,74.80952380952381,0.2864417568427753,76.65198237885463,57.78267254038179,39.4273127753304,84.58149779735683,60.61674008810573,3
37724444,Luka Hodak,Hajduk Split,Defender,20.0,956.0,6.51,0.0,0.0,0.5648535564853556,0.0941422594142259,43.39958158995816,2.5418410041841004,1.6945606694560669,0.2824267782426778,16.666666666666668,0.0,0.8676999999999999,48.57142857142857,59.75,0.0,23.935389133627023,60.425844346549184,74.59618208516888,23.788546255506603,50.06607929515418,1
19624018,Adrian Liber,Slaven Koprivnica,Midfielder,25.0,521.0,6.54,0.1727447216890595,0.0,0.8637236084452975,0.1727447216890595,26.94817658349328,1.381957773512476,0.5182341650671785,0.0,20.0,20.0,0.7564,41.66666666666666,34.733333333333334,0.1727447216890595,70.70484581497799,27.679882525697508,28.634361233480178,93.17180616740087,47.42290748898679,3
37704799,Adriano Jagusic,Slaven Koprivnica,Midfielder,20.0,1728.0,7.34,0.3645833333333333,0.2083333333333333,2.9166666666666665,1.1458333333333333,38.177083333333336,1.875,0.78125,0.0,39.285714285714285,12.5,0.8117,50.37313432835821,86.4,0.5729166666666666,88.47283406754774,70.63142437591776,54.62555066079295,93.17180616740087,73.43612334801762,0
37356259,Michael Agbekpornu,Slaven Koprivnica,Midfielder,27.0,1146.0,6.78,0.0785340314136125,0.0785340314136125,0.3926701570680628,0.1570680628272251,44.05759162303665,2.74869109947644,1.3350785340314135,0.4712041884816754,40.0,20.0,0.8289,48.63387978142077,67.41176470588235,0.1570680628272251,62.408223201174735,66.96035242290749,72.98091042584434,4.405286343612332,61.1453744493392,1
73943,Vinko Medjimorec,Slaven Koprivnica,Defender,30.0,876.0,6.65,0.0,0.0,0.1027397260273972,0.0,39.65753424657535,1.13013698630137,2.363013698630137,0.1027397260273972,0.0,0.0,0.8057,67.12328767123287,58.4,0.0,17.91483113069016,47.3568281938326,74.74302496328927,71.58590308370044,49.16299559471366,1
74023,Leonard Žuta,Slaven Koprivnica,Defender,33.0,1394.0,6.62,0.1291248206599713,0.0645624103299856,0.5164992826398852,0.1291248206599713,35.63845050215208,1.3558106169296986,0.4519368723098996,0.1291248206599713,25.0,25.0,0.7120000000000001,57.95454545454545,73.36842105263158,0.1936872309899569,66.59324522760646,41.70337738619677,48.458149779735685,65.19823788546256,53.54625550660792,3
52461,Osman Hadzikic,Slaven Koprivnica,Goalkeeper,30.0,2544.0,6.57,0.0,0.0,0.0,0.0,26.4622641509434,0.070754716981132,0.035377358490566,0.070754716981132,0.0,0.0,0.5869,86.66666666666667,87.72413793103448,0.0,17.91483113069016,16.079295154185022,36.563876651982376,80.17621145374449,29.18502202643172,2
73090,Tomislav Bozic,Slaven Koprivnica,Defender,38.0,2320.0,6.79,0.0387931034482758,0.0,0.4655172413793103,0.1163793103448275,44.30172413793103,1.8232758620689653,0.9698275862068966,0.0775862068965517,25.0,8.333333333333334,0.8126000000000001,56.13207547169812,85.92592592592592,0.0387931034482758,45.52129221732745,52.93685756240822,64.90455212922173,79.73568281938326,56.98237885462554,1
73913,Ilija Nestorovski,Slaven Koprivnica,Attacker,36.0,1767.0,7.06,0.3056027164685908,0.1528013582342954,3.3616298811545,1.069609507640068,27.65704584040747,0.5602716468590832,0.1018675721561969,0.4074702886247878,31.818181818181817,9.090909090909092,0.6667000000000001,46.25850340136054,73.625,0.4584040747028862,82.37885462555066,38.47283406754772,16.886930983847282,6.167400881057276,41.93832599118942,0
37571435,Ante Suto,Slaven Koprivnica,Attacker,26.0,1260.0,6.85,0.2857142857142857,0.4285714285714285,1.7142857142857142,0.6428571428571429,15.857142857142858,2.2142857142857144,0.5714285714285714,0.3571428571428571,37.5,16.666666666666668,0.6981999999999999,40.4040404040404,70.0,0.7142857142857142,84.28781204111601,39.06020558002937,42.29074889867841,11.894273127753308,50.88105726872247,0
73867,Dominik Kovacic,Slaven Koprivnica,Defender,32.0,2968.0,6.8,0.0,0.0606469002695417,0.3335579514824798,0.0606469002695417,48.06266846361186,1.8497304582210243,1.2735849056603774,0.1212938005390835,18.181818181818183,0.0,0.8637,57.142857142857146,89.93939393939394,0.0606469002695417,21.879588839941263,72.83406754772393,73.05433186490455,67.84140969162996,57.11453744493392,1
19970146,Josip Mitrovic,Slaven Koprivnica,Attacker,26.0,2346.0,6.96,0.3069053708439898,0.0767263427109974,1.6879795396419437,0.6521739130434783,23.132992327365727,1.381074168797954,0.7672634271099744,0.1534526854219949,38.63636363636363,18.181818181818183,0.7761,50.17921146953405,78.2,0.3836317135549872,86.8575624082232,38.179148311306896,46.84287812041115,56.82819383259912,57.24669603524229,0
37596440,Antonio Jakir,Slaven Koprivnica,Defender,23.0,1033.0,6.66,0.0,0.0,0.6098741529525653,0.1742497579864472,34.06582768635044,2.352371732817038,1.393998063891578,0.2613746369796708,28.571428571428573,0.0,0.7595999999999999,55.37190082644628,51.65,0.0,28.634361233480178,36.12334801762115,80.32305433186491,30.61674008810573,46.58590308370044,1
37667026,Igor Lepinjica,Slaven Koprivnica,Attacker,26.0,1073.0,6.5,0.0838769804287045,0.0,1.342031686859273,0.2516309412861137,20.717614165890023,0.9226467847157502,0.1677539608574091,0.1677539608574091,18.75,6.25,0.7247,36.36363636363637,39.74074074074074,0.0838769804287045,55.35976505139501,17.694566813509542,11.013215859030836,51.98237885462555,30.418502202643168,3
73704,Alen Grgic,Slaven Koprivnica,Attacker,31.0,463.0,6.7,0.1943844492440604,0.1943844492440604,1.5550755939524838,0.3887688984881209,20.021598272138228,0.0,0.9719222462203024,0.0,25.0,12.5,0.6796,42.0,57.875,0.3887688984881209,73.6417033773862,36.12334801762115,25.18355359765052,93.17180616740087,49.801762114537446,3
37690641,Filip Kruselj,Slaven Koprivnica,Defender,21.0,2226.0,6.8,0.0808625336927223,0.1212938005390835,0.7681940700808625,0.2021563342318059,31.81940700808625,2.587601078167116,1.2533692722371967,0.1617250673854447,26.31578947368421,10.526315789473683,0.7522,49.78165938864629,85.61538461538461,0.2021563342318059,58.14977973568282,49.19236417033773,71.95301027900148,53.74449339207049,59.16299559471365,1
24838185,Ivan Cubelic,Slaven Koprivnica,Midfielder,23.0,2311.0,6.77,0.0778883600173085,0.0,1.674599740372133,0.3115534400692341,40.15144958892255,2.570315880571181,1.324102120294245,0.155776720034617,18.6046511627907,4.651162790697675,0.743,50.81967213114754,67.97058823529412,0.0778883600173085,54.91923641703377,37.81204111600587,74.8898678414097,55.50660792951542,55.83700440528634,1
37600585,Filip Mažar,Slaven Koprivnica,Midfielder,21.0,1016.0,6.69,0.0885826771653543,0.0,1.062992125984252,0.3543307086614173,30.6496062992126,1.7716535433070866,0.8858267716535433,0.0885826771653543,33.333333333333336,8.333333333333334,0.8468000000000001,49.645390070921984,72.57142857142857,0.0885826771653543,60.93979441997063,46.98972099853157,53.74449339207049,77.09251101321586,56.21145374449339,3
62670,Ljuban Crepulja,Slaven Koprivnica,Midfielder,32.0,1841.0,7.05,0.1466594242259641,0.2444323737099402,0.6844106463878327,0.2933188484519283,65.31233025529603,1.75991309071157,0.5377512221618685,0.048886474741988,42.85714285714285,21.428571428571427,0.8959999999999999,54.225352112676056,63.48275862068966,0.3910917979359044,75.77092511013217,95.59471365638768,52.5697503671072,85.46255506607929,75.72687224669603,3
38202103,Gabrijel Sivalec,Slaven Koprivnica,Attacker,18.0,474.0,6.51,0.0,0.189873417721519,1.3291139240506329,0.189873417721519,25.063291139240505,1.8987341772151896,0.569620253164557,0.0,14.285714285714286,0.0,0.7955,41.66666666666666,26.33333333333333,0.189873417721519,29.36857562408224,54.03817914831132,37.22466960352423,93.17180616740087,45.50660792951542,3
24082533,Karlo Isasegi,Slaven Koprivnica,Defender,25.0,570.0,6.59,0.0,0.1578947368421052,0.3157894736842105,0.1578947368421052,32.8421052631579,2.8421052631578947,1.105263157894737,0.1578947368421052,50.0,0.0,0.7885,43.47826086956522,38.0,0.1578947368421052,27.165932452276067,58.29662261380324,62.11453744493392,54.62555066079295,49.735682819383264,3
37656054,Zvonimir Katalinic,Slaven Koprivnica,Defender,22.0,841.0,6.46,0.0,0.0,0.3210463733650416,0.2140309155766944,40.98692033293698,1.4982164090368608,0.535077288941736,0.3210463733650416,66.66666666666667,0.0,0.8329000000000001,48.27586206896552,60.07142857142857,0.0,31.42437591776799,53.37738619676946,39.20704845814978,16.29955947136564,38.83259911894274,1
73443,Mateusz Stolarski,Slaven Koprivnica,Goalkeeper,35.0,696.0,6.98,0.0,0.0,0.0,0.0,26.120689655172413,0.2586206896551724,0.0,0.5172413793103449,0.0,0.0,0.5842,100.0,87.0,0.0,17.91483113069016,15.638766519823788,37.07782672540382,2.643171806167402,21.45374449339207,2
455998,Mihail Caimacov,Slaven Koprivnica,Midfielder,27.0,887.0,6.76,0.1014656144306651,0.0,0.5073280721533259,0.3043968432919955,38.35400225479143,2.1307779030439686,1.6234498308906429,0.4058624577226606,60.0,20.0,0.8201,55.26315789473684,59.13333333333333,0.1014656144306651,72.68722466960352,49.412628487518354,79.88252569750367,6.607929515418505,61.25550660792951,1
37701794,Leon Bošnjak,Slaven Koprivnica,Midfielder,20.0,485.0,6.53,0.0,0.1855670103092783,0.5567010309278351,0.0,37.11340206185567,2.0412371134020617,0.9278350515463918,0.7422680412371134,0.0,0.0,0.77,53.52112676056338,32.333333333333336,0.1855670103092783,17.91483113069016,60.64610866372981,64.5374449339207,0.8810572687224578,43.017621145374434,1
69675,Luka Menalo,Rijeka,Attacker,29.0,802.0,6.71,0.3366583541147132,0.0,2.0199501246882794,1.0099750623441397,23.790523690773068,1.0099750623441397,1.1221945137157108,0.3366583541147132,50.0,16.666666666666668,0.7123,41.26984126984127,53.46666666666667,0.3366583541147132,89.7209985315712,19.45668135095448,37.00440528634362,15.418502202643168,45.39647577092511,0
412433,Bruno Bogojevic,Rijeka,Attacker,28.0,1255.0,6.89,0.2868525896414343,0.2151394422310757,1.649402390438247,1.00398406374502,17.139442231075698,0.9322709163346612,0.7888446215139442,0.1434262948207171,60.869565217391305,17.391304347826086,0.7071,42.62295081967213,78.4375,0.50199203187251,88.47283406754774,37.81204111600587,28.8546255506608,59.2511013215859,52.46696035242292,0
37570527,Anel Husic,Rijeka,Defender,25.0,1500.0,6.69,0.06,0.06,0.72,0.12,54.54,2.16,1.14,0.18,16.666666666666668,8.333333333333334,0.8405,45.96774193548387,78.94736842105263,0.12,48.01762114537445,71.73274596182085,60.35242290748898,49.33920704845814,58.96475770925109,1
37696422,Branko Pavic,Rijeka,Midfielder,19.0,676.0,6.91,0.0,0.0,0.2662721893491124,0.1331360946745562,41.27218934911242,3.195266272189349,1.0650887573964498,0.1331360946745562,50.0,0.0,0.8968,53.52112676056338,75.11111111111111,0.0,25.991189427312776,61.74743024963289,76.2848751835536,63.87665198237886,55.59471365638767,1
37530358,Ante Orec,Rijeka,Defender,24.0,2338.0,7.0,0.0769888793840889,0.1924721984602224,0.962360992301112,0.2309666381522669,34.875962360992304,2.6176218990590248,0.9238665526090676,0.2309666381522669,24.0,8.0,0.8157,54.752851711026615,77.93333333333334,0.2694610778443114,55.58002936857562,68.42878120411159,71.80616740088105,35.24229074889867,62.26872246696034,1
37594485,Ante Matej Juric,Rijeka,Attacker,23.0,1106.0,6.83,0.325497287522604,0.081374321880651,3.824593128390597,1.2206148282097649,14.972875226039784,0.7323688969258589,0.8137432188065099,0.325497287522604,31.91489361702128,8.51063829787234,0.6522,41.95402298850575,42.53846153846154,0.4068716094032549,83.11306901615272,22.17327459618209,25.403817914831127,15.859030837004411,40.79295154185022,0
1872745,Mladen Devetak,Rijeka,Defender,27.0,2376.0,6.72,0.0378787878787878,0.2272727272727272,0.6060606060606061,0.1136363636363636,35.56818181818182,0.9848484848484848,0.6818181818181818,0.303030303030303,18.75,6.25,0.8412999999999999,45.36585365853659,81.93103448275862,0.2651515151515151,41.85022026431718,74.30249632892804,31.71806167400881,18.06167400881057,46.16740088105727,3
37748224,Simun Butic,Rijeka,Attacker,20.0,954.0,6.45,0.0943396226415094,0.1886792452830188,1.69811320754717,0.4716981132075472,12.264150943396226,0.8490566037735849,0.1886792452830188,0.1886792452830188,27.77777777777778,5.555555555555555,0.6846,37.142857142857146,59.625,0.2830188679245283,60.79295154185022,32.67254038179148,10.64610866372981,45.59471365638766,35.792951541850215,3
462000,Merveil Ndockyt,Rijeka,Midfielder,27.0,912.0,6.73,0.2960526315789473,0.0,1.5789473684210529,0.5921052631578947,27.82894736842105,2.5657894736842106,0.4934210526315789,0.0986842105263157,37.5,18.75,0.7801,48.41269841269841,43.42857142857143,0.2960526315789473,85.82966226138034,32.378854625550666,52.12922173274597,73.12775330396477,58.41409691629957,3
183535,Dejan Petrovic,Rijeka,Midfielder,28.0,1396.0,6.64,0.0644699140401146,0.0644699140401146,0.5157593123209169,0.0644699140401146,37.39255014326648,1.0315186246418335,1.805157593123209,0.3868194842406877,12.5,12.5,0.8466,42.5925925925926,69.8,0.1289398280802292,50.14684287812042,63.21585903083701,47.136563876651984,8.810572687224678,49.030837004405285,1
1193792,Martin Zlomislic,Rijeka,Goalkeeper,27.0,2970.0,6.68,0.0,0.0,0.0,0.0,29.03030303030303,0.0,0.0303030303030303,0.0303030303030303,0.0,0.0,0.6889,70.58823529411765,90.0,0.0,17.91483113069016,22.980910425844343,34.2143906020558,86.34361233480176,31.16740088105727,2
26336984,Niko Jankovic,Rijeka,Midfielder,24.0,909.0,7.12,0.0,0.099009900990099,2.4752475247524752,0.594059405940594,29.702970297029704,1.683168316831683,0.297029702970297,0.198019801980198,24.0,0.0,0.8,58.064516129032256,69.92307692307692,0.099009900990099,41.11600587371513,51.54185022026432,51.10132158590309,43.17180616740088,47.44493392070485,3
37583451,Gabriel Rukavina,Rijeka,Attacker,22.0,478.0,6.53,0.0,0.0,1.3179916317991631,0.1882845188284518,24.476987447698743,0.9414225941422594,0.5648535564853556,0.1882845188284518,14.285714285714286,0.0,0.7846,45.16129032258065,36.76923076923077,0.0,29.22173274596182,29.44199706314244,28.193832599118945,46.475770925110126,30.70484581497797,3
73972,Ante Majstorovic,Rijeka,Defender,32.0,2679.0,6.9,0.0,0.0335946248600224,0.7390817469204927,0.167973124300112,60.671892497200446,1.0750279955207167,1.478163493840985,0.2687569988801792,22.727272727272727,0.0,0.8538,63.333333333333336,86.41935483870968,0.0335946248600224,27.90014684287812,73.27459618208518,70.63142437591777,28.634361233480178,54.40528634361234,1
37549543,Christian Ouguehi Legbo,Rijeka,Attacker,24.0,527.0,6.53,0.0,0.0,0.5123339658444023,0.1707779886148007,27.836812144212523,1.1954459203036054,0.8538899430740038,0.1707779886148007,33.333333333333336,0.0,0.7791,47.540983606557376,37.642857142857146,0.0,28.193832599118945,32.37885462555066,40.96916299559472,51.54185022026432,35.61674008810573,3
31255596,Alfonso Daniel Barco del Solar,Rijeka,Midfielder,24.0,1131.0,6.54,0.0,0.0,0.636604774535809,0.0,48.222811671087534,1.4323607427055702,1.0344827586206895,0.4774535809018567,0.0,0.0,0.863,38.46153846153846,75.4,0.0,17.91483113069016,63.21585903083701,38.76651982378855,3.524229074889874,36.3215859030837,1
37568801,Samuele Vignato,Rijeka,Midfielder,22.0,838.0,6.87,0.107398568019093,0.0,1.933174224343676,0.4295942720763723,32.5417661097852,0.9665871121718376,0.5369928400954654,0.107398568019093,22.22222222222222,5.555555555555555,0.8151999999999999,40.32258064516129,55.86666666666667,0.107398568019093,60.6461086637298,43.53891336270191,21.879588839941263,70.9251101321586,44.91189427312775,3
37608777,Daniel Adu-Adjei,Rijeka,Attacker,21.0,1556.0,6.82,0.3470437017994858,0.1735218508997429,3.1233933161953726,1.0411311053984575,8.155526992287918,1.0989717223650386,0.4048843187660668,0.0578406169665809,33.333333333333336,11.11111111111111,0.6667000000000001,40.19607843137255,57.629629629629626,0.5205655526992288,85.46255506607929,29.51541850220264,20.851688693098385,84.14096916299559,49.16299559471365,0
37627239,Noel Bodetic,Rijeka,Defender,22.0,474.0,6.87,0.0,0.189873417721519,1.3291139240506329,0.379746835443038,44.050632911392405,1.3291139240506329,0.759493670886076,0.0,28.571428571428573,0.0,0.8621,44.44444444444444,52.66666666666666,0.189873417721519,36.12334801762115,81.86490455212923,36.19676945668135,93.17180616740087,55.5726872246696,3
4536487,Tiago Dantas,Rijeka,Midfielder,25.0,2487.0,7.31,0.2533172496984318,0.2171290711700844,1.4113389626055488,0.5790108564535585,43.82388419782871,0.5428226779252111,0.5790108564535585,0.1447527141133896,41.02564102564103,17.94871794871795,0.8728,47.22222222222222,80.2258064516129,0.4704463208685162,83.25991189427312,85.16886930983848,26.725403817914835,58.590308370044056,64.40528634361233,3
72857,Duje Cop,Rijeka,Attacker,36.0,951.0,6.57,0.1892744479495268,0.0,2.555205047318612,0.5678233438485805,16.94006309148265,0.6624605678233438,0.5678233438485805,0.1892744479495268,22.22222222222222,7.407407407407407,0.7095,35.0,38.04,0.1892744479495268,70.26431718061674,14.61086637298091,15.859030837004404,44.93392070484582,34.7136563876652,3
139181,Justas Lasickas,Rijeka,Defender,28.0,1541.0,6.73,0.0,0.0584036340038935,0.5840363400389358,0.1168072680077871,38.66320571057755,2.102530824140169,1.4600908500973393,0.2920181700194679,20.0,0.0,0.7417,51.44230769230769,53.13793103448276,0.0584036340038935,24.963289280469898,45.96182085168869,73.7885462555066,22.466960352422905,45.66079295154184,1
47589,Stjepan Radeljic,Rijeka,Defender,28.0,1977.0,7.01,0.0910470409711684,0.0455235204855842,1.0015174506828528,0.2276176024279211,59.08952959028832,1.5477996965098637,1.4112291350531108,0.3641881638846737,22.727272727272727,9.090909090909092,0.8559,59.06432748538012,79.08,0.1365705614567526,59.177679882525695,74.15565345080763,72.83406754772393,11.013215859030836,62.951541850220266,1
37543226,Toni Fruk,Rijeka,Midfielder,25.0,2131.0,7.2,0.5068043172219615,0.1267010793054903,3.125293289535429,1.0558423275457531,30.07038948850305,1.5626466447677148,0.4223369310183013,0.0844673862036602,33.78378378378378,16.216216216216218,0.7893000000000001,52.29681978798587,68.74193548387096,0.6335053965274519,91.70337738619678,53.01027900146843,44.19970631424376,78.41409691629956,64.51541850220265,0
67827,Amer Gojak,Rijeka,Midfielder,29.0,1585.0,6.73,0.113564668769716,0.113564668769716,1.7034700315457414,0.6813880126182965,26.517350157728707,1.5331230283911672,0.2839116719242902,0.113564668769716,40.0,6.666666666666667,0.7687,44.5859872611465,52.833333333333336,0.2271293375394321,67.25403817914831,44.34654919236417,29.809104258443465,69.16299559471366,49.33920704845815,3
16488582,Ville Koski,Istra 1961,Defender,24.0,1506.0,6.85,0.0,0.0,0.1195219123505976,0.0,58.20717131474104,1.254980079681275,1.0159362549800797,0.1792828685258964,0.0,0.0,0.8809,58.18181818181818,83.66666666666667,0.0,17.91483113069016,69.38325991189427,59.32452276064611,49.77973568281938,48.9647577092511,1
37582788,Vinko Rozic,Istra 1961,Attacker,22.0,1574.0,6.69,0.1715374841168996,0.0571791613722998,2.229987293519695,0.5717916137229987,23.27191867852605,0.914866581956798,0.4002541296060991,0.3430749682337992,25.64102564102564,7.6923076923076925,0.7936,42.85714285714285,58.2962962962963,0.2287166454891994,70.19089574155653,38.91336270190896,19.67694566813509,13.21585903083701,39.95594713656387,3
37668568,Filip Taraba,Istra 1961,Defender,20.0,1013.0,6.62,0.0,0.0,0.0,0.0,52.95162882527147,2.665350444225074,0.8884501480750246,0.0888450148075024,0.0,0.0,0.8389,53.398058252427184,46.04545454545455,0.0,17.91483113069016,61.160058737151246,69.38325991189429,76.65198237885463,52.20264317180617,1
46031,Marcel Heister,Istra 1961,Defender,33.0,2107.0,6.71,0.0427147603227337,0.0854295206454675,0.9397247271001424,0.2562885619364025,32.84765068818225,2.691029900332226,1.665875652586616,0.34171808258187,27.27272727272728,4.545454545454546,0.8075,56.69642857142857,67.96774193548387,0.1281442809682012,50.073421439060205,55.35976505139501,87.22466960352422,13.656387665198238,59.16299559471365,1
37535531,Samuli Miettinen,Istra 1961,Defender,22.0,795.0,6.6,0.0,0.0,0.2264150943396226,0.1132075471698113,47.886792452830186,1.3584905660377358,0.6792452830188679,0.2264150943396226,50.0,0.0,0.8369,61.53846153846154,72.27272727272727,0.0,24.375917767988252,58.51688693098384,57.26872246696036,37.44493392070485,45.792951541850215,1
37733235,Israel Isaac Ayuma,Istra 1961,Midfielder,20.0,775.0,6.64,0.1161290322580645,0.0,1.2774193548387096,0.4645161290322581,33.67741935483871,2.3225806451612905,1.2774193548387096,0.1161290322580645,36.36363636363637,9.090909090909092,0.8654999999999999,41.97530864197531,48.4375,0.1161290322580645,66.81350954478708,52.93685756240823,59.177679882525695,68.28193832599119,60.50660792951542,3
52889,Josip Radosevic,Istra 1961,Midfielder,32.0,2836.0,6.88,0.0317348377997179,0.0,0.5077574047954866,0.1586741889985895,45.349083215796895,2.6657263751763045,1.1107193229901269,0.1269393511988716,31.25,6.25,0.8439,54.581673306772906,88.625,0.0317348377997179,44.19970631424376,58.66372980910426,76.5051395007342,66.07929515418502,60.41850220264317,1
21404430,Emil Frederiksen,Istra 1961,Attacker,25.0,2260.0,6.92,0.1592920353982301,0.2389380530973451,1.4734513274336285,0.5575221238938053,32.415929203539825,1.3141592920353982,0.6371681415929203,0.079646017699115,37.83783783783784,10.81081081081081,0.7187,46.728971962616825,68.48484848484848,0.3982300884955752,73.56828193832598,53.010279001468426,36.563876651982376,79.29515418502203,56.87224669603524,3
182986,Leo Stulac,Istra 1961,Midfielder,31.0,677.0,6.75,0.0,0.0,1.0635155096011817,0.1329394387001477,48.52289512555392,1.329394387001477,0.6646971935007385,0.0,12.5,0.0,0.8466,52.17391304347826,67.7,0.0,25.84434654919237,61.08663729809104,46.10866372980911,93.17180616740087,49.229074889867846,1
37697289,Salim Fago Lawal,Istra 1961,Attacker,23.0,1328.0,6.86,0.338855421686747,0.1355421686746988,2.1009036144578315,0.7454819277108434,17.89156626506024,1.0843373493975903,0.338855421686747,0.0,35.483870967741936,16.129032258064516,0.7121,38.0,78.11764705882354,0.4743975903614458,86.93098384728341,33.627019089574155,17.988252569750365,93.17180616740087,50.88105726872247,0
52801,Dario Maresic,Istra 1961,Defender,26.0,1798.0,6.92,0.050055617352614,0.100111234705228,0.3503893214682981,0.050055617352614,63.42046718576196,1.7519466073414904,1.0011123470522802,0.3503893214682981,14.285714285714286,14.285714285714286,0.8169,60.41666666666666,89.9,0.150166852057842,50.44052863436124,75.69750367107196,68.79588839941263,12.55506607929516,59.735682819383264,1
37732502,Raul Kumar,Istra 1961,Defender,18.0,1716.0,6.79,0.0,0.0,0.3671328671328671,0.1573426573426573,53.6013986013986,0.8916083916083916,0.9965034965034965,0.2097902097902098,42.85714285714285,0.0,0.8689,47.36842105263158,81.71428571428571,0.0,27.019089574155657,66.59324522760646,38.32599118942731,41.85022026431719,43.76651982378854,1
37728805,Dukan Ahmeti,Istra 1961,Midfielder,18.0,576.0,6.52,0.0,0.0,0.9375,0.15625,26.25,0.9375,0.46875,0.15625,16.666666666666668,0.0,0.7917000000000001,38.8235294117647,44.30769230769231,0.0,26.725403817914835,32.23201174743025,18.355359765051396,55.06607929515418,28.70044052863436,3
37616075,Antonio Mauric,Istra 1961,Midfielder,22.0,1825.0,6.79,0.0986301369863013,0.0,1.0356164383561643,0.1972602739726027,40.73424657534247,1.3808219178082193,1.0356164383561643,0.2465753424657534,19.047619047619047,9.523809523809524,0.8741,52.85714285714285,62.93103448275862,0.0986301369863013,58.51688693098384,59.838472834067545,56.38766519823788,33.03964757709251,55.726872246696026,1
37656553,Niko Šepić,Istra 1961,Defender,20.0,617.0,6.62,0.0,0.0,1.0210696920583469,0.4376012965964344,40.84278768233387,2.0421393841166937,1.1669367909238249,0.2917341977309562,42.85714285714285,0.0,0.775,50.0,47.46153846153846,0.0,37.29809104258444,43.31864904552129,65.27165932452276,22.907488986784145,46.05726872246696,1
338593,Stjepan Loncar,Istra 1961,Midfielder,29.0,2784.0,6.87,0.0969827586206896,0.1939655172413793,1.1637931034482758,0.2909482758620689,34.13793103448276,0.8728448275862069,0.2909482758620689,0.1939655172413793,25.0,8.333333333333334,0.8087000000000001,41.732283464566926,84.36363636363636,0.2909482758620689,60.93979441997063,66.37298091042585,15.859030837004404,44.05286343612335,47.3568281938326,3
34529,Smail Prevljak,Istra 1961,Attacker,31.0,2534.0,6.93,0.4972375690607735,0.10655090765588,2.273086029992107,1.0655090765588002,15.911602209944752,0.3196527229676401,0.10655090765588,0.1420678768745067,46.875,21.875,0.7478,39.92932862190813,79.1875,0.6037884767166535,95.15418502202644,33.627019089574155,8.810572687224669,59.91189427312775,47.26872246696036,0
37341949,Franko Kolic,Istra 1961,Goalkeeper,23.0,3150.0,6.94,0.0,0.0,0.0,0.0,24.88571428571429,0.0857142857142857,0.0,0.0571428571428571,0.0,0.0,0.6533,89.47368421052632,90.0,0.0,17.91483113069016,16.079295154185022,35.4625550660793,85.02202643171806,29.33920704845815,2
68104,Advan Kadusic,Istra 1961,Defender,28.0,2046.0,6.8,0.0439882697947214,0.0879765395894428,0.3958944281524926,0.0879765395894428,40.11730205278592,4.310850439882698,1.0557184750733135,0.219941348973607,22.22222222222222,11.11111111111111,0.693,58.62068965517241,70.55172413793103,0.1319648093841642,48.31130690161528,46.40234948604993,82.23201174743025,39.207048458149785,57.00440528634361,1
37601089,Mohamed Nasraoui,Istra 1961,Defender,23.0,1307.0,6.95,0.0,0.0688599846977811,0.3442999234889058,0.0,40.83397092578424,2.685539403213466,2.4789594491201226,0.2754399387911247,0.0,0.0,0.8078,66.43835616438356,68.78947368421052,0.0688599846977811,17.91483113069016,59.61820851688693,94.7136563876652,26.431718061674005,54.31718061674009,1
37561382,Cheikh Mbacke,Lokomotiva Zagreb,Midfielder,26.0,1755.0,6.81,0.0512820512820512,0.0,0.5641025641025641,0.1025641025641025,43.84615384615385,1.2820512820512822,1.0256410256410255,0.2051282051282051,18.181818181818183,9.090909090909092,0.8573000000000001,55.42168674698795,83.57142857142857,0.0512820512820512,47.72393538913363,59.39794419970631,57.26872246696036,42.29074889867841,53.54625550660792,1
37600577,Fabijan Krivak,Lokomotiva Zagreb,Midfielder,21.0,1162.0,6.84,0.2323580034423407,0.0774526678141136,1.4716006884681585,0.6196213425129088,20.21514629948365,1.0843373493975903,0.6196213425129088,0.0,42.10526315789474,15.789473684210526,0.7931,46.66666666666666,68.3529411764706,0.3098106712564544,82.01174743024963,39.64757709251101,33.113069016152714,93.17180616740087,55.74889867841409,3
37705033,Aleks Stojakovic,Lokomotiva Zagreb,Attacker,22.0,2620.0,6.78,0.2748091603053435,0.0687022900763358,1.923664122137405,0.8587786259541985,18.446564885496183,0.8931297709923665,0.3435114503816794,0.1717557251908397,44.642857142857146,14.285714285714286,0.7188,38.03278688524591,77.05882352941177,0.3435114503816794,84.06754772393539,26.725403817914835,14.390602055800295,51.10132158590308,42.66519823788547,0
73270,Mario Situm,Lokomotiva Zagreb,Defender,34.0,666.0,6.74,0.0,0.0,0.2702702702702703,0.0,41.48648648648648,1.4864864864864864,0.945945945945946,0.1351351351351351,0.0,0.0,0.8306,69.0909090909091,39.1764705882353,0.0,17.91483113069016,53.37738619676946,66.51982378854626,62.55506607929515,47.59911894273128,1
37719905,Matija Subotic,Lokomotiva Zagreb,Midfielder,18.0,2055.0,6.65,0.0,0.0875912408759124,0.2627737226277372,0.0437956204379562,41.518248175182485,1.1386861313868613,1.313868613138686,0.0,16.666666666666668,0.0,0.903,57.25806451612903,64.21875,0.0875912408759124,21.145374449339204,76.431718061674,63.72980910425844,93.17180616740087,57.709251101321584,1
73278,Marko Pajac,Lokomotiva Zagreb,Defender,33.0,2550.0,7.08,0.2117647058823529,0.1764705882352941,0.8470588235294118,0.3176470588235294,44.96470588235294,1.2352941176470589,0.4588235294117647,0.2823529411764706,37.5,25.0,0.7809999999999999,52.60663507109005,85.0,0.388235294117647,79.36857562408223,67.98825256975037,40.23494860499266,24.22907488986785,58.70044052863437,3
37633274,Ivan Canjuga,Lokomotiva Zagreb,Attacker,20.0,800.0,6.8,0.0,0.3375,1.125,0.225,25.3125,2.1375,0.7875,0.3375,20.0,0.0,0.8356,49.54128440366973,47.05882352941177,0.3375,31.93832599118943,64.24375917767988,56.314243759177685,14.317180616740089,47.180616740088105,3
37708547,Mirko Susak,Lokomotiva Zagreb,Attacker,22.0,924.0,6.65,0.2922077922077922,0.0974025974025974,1.7532467532467533,0.6818181818181818,15.584415584415584,1.948051948051948,0.487012987012987,0.1948051948051948,38.888888888888886,16.666666666666668,0.7437999999999999,45.1219512195122,36.96,0.3896103896103896,85.75624082232012,31.5712187958884,40.8223201174743,43.61233480176211,51.80616740088105,3
37328039,Blaz Boskovic,Lokomotiva Zagreb,Midfielder,24.0,2459.0,6.9,0.10980073200488,0.0,1.2810085400569338,0.3660024400162667,33.37942252948353,2.5254168361122407,1.6470109800732005,0.2928019520130134,28.571428571428573,8.571428571428571,0.7686,52.22222222222222,74.51515151515152,0.10980073200488,63.72980910425844,36.19676945668135,79.88252569750367,22.026431718061676,56.14537444933921,1
27066735,Tino Jukic,Lokomotiva Zagreb,Defender,24.0,2339.0,6.77,0.0,0.0,0.5386917486105173,0.0769559640872167,55.40829414279607,1.808465156049594,1.42368533561351,0.2308678922616502,14.285714285714286,0.0,0.8576,61.27450980392157,77.96666666666667,0.0,22.61380323054332,65.85903083700441,79.14831130690162,35.68281938325991,53.85462555066079,1
37535538,Luka Dajcer,Lokomotiva Zagreb,Defender,25.0,1371.0,6.57,0.0,0.0,0.5908096280087527,0.1312910284463894,51.66301969365427,0.9190371991247264,1.2472647702407005,0.2625820568927789,22.22222222222222,0.0,0.8094,51.21951219512195,59.60869565217392,0.0,25.697503671071956,56.31424375917768,51.10132158590309,29.515418502202635,42.88546255506608,1
73926,Josip Posavec,Lokomotiva Zagreb,Goalkeeper,30.0,2970.0,6.7,0.0,0.0,0.0,0.0,33.81818181818182,0.0606060606060606,0.0,0.0606060606060606,0.0,0.0,0.7482,92.85714285714286,90.0,0.0,17.91483113069016,33.84728340675478,35.31571218795889,83.70044052863436,34.49339207048458,2
37551107,Leon Belcar,Lokomotiva Zagreb,Midfielder,24.0,1163.0,6.73,0.0773860705073086,0.0773860705073086,1.5477214101461736,0.3869303525365434,35.98452278589854,2.0120378331900257,1.3929492691315564,0.3869303525365434,25.0,5.0,0.8237000000000001,46.76258992805755,72.6875,0.1547721410146173,56.75477239353891,59.98531571218797,63.36270190895741,8.149779735682813,54.84581497797357,1
24838178,Jakov-Anton Vasilj,Lokomotiva Zagreb,Midfielder,24.0,1375.0,6.68,0.1309090909090909,0.1309090909090909,1.701818181818182,0.5890909090909091,30.829090909090908,0.9163636363636364,0.5236363636363637,0.0654545454545454,34.61538461538461,7.6923076923076925,0.7665000000000001,43.68932038834952,55.0,0.2618181818181818,68.72246696035242,50.66079295154185,23.788546255506606,81.49779735682819,51.10132158590308,3
37356253,Dušan Vuković,Lokomotiva Zagreb,Attacker,23.0,1571.0,6.6,0.1718650541056652,0.1145767027371101,1.833227243793762,0.8593252705283259,16.15531508593253,0.8020369191597708,0.6874602164226608,0.2291534054742202,46.875,9.375,0.6064,39.91228070175438,62.84,0.2864417568427753,76.57856093979443,25.330396475770925,21.512481644640232,36.563876651982376,40.68281938325991,0
74038,Marko Vesovic,Lokomotiva Zagreb,Defender,34.0,2012.0,6.82,0.0447316103379721,0.1789264413518886,0.6709741550695825,0.1789264413518886,28.13618290258449,1.610337972166998,0.6709741550695825,0.1341948310139165,26.666666666666668,6.666666666666667,0.8123999999999999,47.97979797979798,77.38461538461539,0.2236580516898608,47.72393538913362,58.88399412628487,44.05286343612335,62.99559471365639,51.49779735682819,3
1872881,Dimitrije Kamenovic,Lokomotiva Zagreb,Defender,25.0,656.0,6.44,0.0,0.0,0.274390243902439,0.0,45.0,0.5487804878048781,1.2347560975609757,0.0,0.0,0.0,0.7835,44.18604651162791,59.63636363636363,0.0,17.91483113069016,48.38472834067548,37.00440528634361,93.17180616740087,40.30837004405287,1
73585,Denis Kolinger,Lokomotiva Zagreb,Defender,32.0,2693.0,6.77,0.0,0.0,0.5347196435202377,0.1670998886000742,45.6851095432603,1.871518752320832,1.4704790196806536,0.3007797994801336,31.25,0.0,0.831,61.29032258064516,89.76666666666667,0.0,27.75330396475771,56.4610866372981,81.05726872246696,18.5022026431718,51.43171806167401,1
61320,Aleksandar Trajkovski,Lokomotiva Zagreb,Attacker,33.0,526.0,6.73,0.1711026615969581,0.3422053231939163,1.368821292775665,0.5133079847908745,22.75665399239544,1.1977186311787071,0.5133079847908745,0.0,37.5,12.5,0.8045,37.5,52.6,0.5133079847908745,74.9632892804699,56.53450807635829,22.17327459618209,93.17180616740087,55.41850220264317,3
37710344,Ibrahim Sabra ,Lokomotiva Zagreb,Attacker,20.0,708.0,6.66,0.2542372881355932,0.1271186440677966,2.0338983050847457,0.3813559322033898,15.0,0.3813559322033898,0.0,0.1271186440677966,18.75,12.5,0.6949,43.18181818181818,54.46153846153846,0.3813559322033898,74.66960352422906,29.51541850220264,10.572687224669606,65.63876651982379,40.991189427312776,3
37717672,Ivan Katic ,Lokomotiva Zagreb,Midfielder,20.0,1120.0,6.51,0.0,0.0,0.9642857142857144,0.0803571428571428,37.52678571428572,1.6071428571428572,0.5625,0.6428571428571429,8.333333333333334,0.0,0.7923,46.71532846715328,56.0,0.0,22.90748898678414,44.12628487518356,39.28046989720999,1.76211453744493,32.0704845814978,1
72813,Domagoj Antolic,Lokomotiva Zagreb,Midfielder,36.0,610.0,6.72,0.1475409836065573,0.1475409836065573,0.7377049180327869,0.1475409836065573,57.98360655737705,1.0327868852459017,0.4426229508196721,0.2950819672131147,20.0,20.0,0.9059,42.0,46.92307692307692,0.2950819672131147,67.40088105726873,89.42731277533039,22.540381791483117,21.585903083700444,55.96916299559472,3
37567341,David Mejía,Vukovar,Midfielder,23.0,743.0,6.94,0.1211305518169582,0.1211305518169582,1.695827725437416,0.2422611036339165,40.21534320323015,2.543741588156124,1.2113055181695829,0.847913862718708,14.285714285714286,7.142857142857143,0.8464,47.91666666666666,67.54545454545455,0.2422611036339165,59.177679882525695,71.29221732745962,67.32745961820852,0.2202643171806215,59.36123348017621,1
37556504,Paul Tabinas,Vukovar,Defender,24.0,505.0,6.48,0.0,0.1782178217821782,0.3564356435643564,0.0,21.92079207920792,2.1386138613861387,0.7128712871287128,0.0,0.0,0.0,0.7561,50.0,56.11111111111112,0.1782178217821782,17.91483113069016,43.24522760646108,56.16740088105727,93.17180616740087,44.51541850220264,3
37748224,Simun Butic,Vukovar,Attacker,20.0,954.0,6.45,0.0943396226415094,0.1886792452830188,1.69811320754717,0.4716981132075472,12.264150943396226,0.8490566037735849,0.1886792452830188,0.1886792452830188,27.77777777777778,5.555555555555555,0.6846,37.142857142857146,59.625,0.2830188679245283,60.79295154185022,32.67254038179148,10.64610866372981,45.59471365638766,35.792951541850215,3
37667333,Kristijan Cabrajic,Vukovar,Defender,22.0,1449.0,6.43,0.0,0.062111801242236,0.3726708074534161,0.0,30.12422360248448,1.9875776397515528,1.4285714285714286,0.186335403726708,0.0,0.0,0.7753,52.17391304347826,72.45,0.062111801242236,17.91483113069016,43.4654919236417,72.54038179148311,47.57709251101322,44.93392070484581,1
37266041,Jakov Suver,Vukovar,Defender,23.0,521.0,6.68,0.0,0.0,0.345489443378119,0.1727447216890595,35.758157389635315,1.381957773512476,1.381957773512476,0.0,50.0,0.0,0.8261,63.63636363636363,74.42857142857143,0.0,28.41409691629956,48.38472834067547,73.49486049926578,93.17180616740087,54.40528634361233,1
3877071,Ricardo Henning,Vukovar,Defender,25.0,630.0,6.41,0.0,0.0,0.1428571428571428,0.1428571428571428,48.71428571428572,0.7142857142857143,0.8571428571428571,0.0,100.0,0.0,0.8798,44.44444444444444,90.0,0.0,26.2848751835536,65.712187958884,29.88252569750367,93.17180616740087,45.88105726872247,1
74016,Alen Jurilj,Vukovar,Attacker,30.0,1222.0,6.64,0.1472995090016366,0.0736497545008183,0.8101472995090017,0.44189852700491,16.42389525368249,0.7364975450081833,0.3682487725040916,0.220949263502455,54.54545454545455,18.181818181818183,0.6592,44.89795918367347,61.1,0.2209492635024549,77.01908957415566,22.026431718061676,20.26431718061674,37.88546255506608,39.581497797356825,3
21072869,Kristijan Pavicic,Vukovar,Defender,27.0,1903.0,6.62,0.0,0.0,0.2837624802942722,0.047293746715712,30.22070415133999,1.9390436153441928,2.128218602207041,0.2364687335785601,16.666666666666668,0.0,0.748,53.24675324675325,79.29166666666667,0.0,21.29221732745962,29.88252569750367,75.62408223201174,34.36123348017621,41.47577092511013,1
74197,Antonio Bosec,Vukovar,Defender,28.0,640.0,6.33,0.0,0.0,0.0,0.0,24.890625,1.828125,0.5625,0.28125,0.0,0.0,0.6667000000000001,46.55172413793103,64.0,0.0,17.91483113069016,16.960352422907487,42.36417033773862,24.669603524229075,25.63876651982379,1
37538351,Eniss Shabani,Vukovar,Midfielder,23.0,2165.0,6.78,0.0,0.0831408775981524,0.789838337182448,0.2494226327944572,34.046189376443415,1.829099307159353,1.0808314087759816,0.2494226327944572,31.57894736842105,0.0,0.7424,54.81481481481482,80.18518518518519,0.0831408775981524,33.186490455212926,46.1086637298091,67.1071953010279,32.15859030837004,47.13656387665198,1
37656051,Vito Caic,Vukovar,Midfielder,21.0,1813.0,6.55,0.0496414782129067,0.0496414782129067,0.7446221731936018,0.0992829564258135,37.57859900717044,1.38996138996139,0.9431880860452287,0.2978488692774407,13.333333333333334,6.666666666666667,0.7768,50.29239766081872,72.52,0.0992829564258135,43.31864904552128,50.073421439060205,51.835535976505135,20.70484581497797,45.638766519823776,1
37550997,Moreno Zivkovic,Vukovar,Defender,22.0,1199.0,6.5,0.0,0.0750625521267723,0.0750625521267723,0.0,36.25521267723103,1.5763135946622184,1.426188490408674,0.3002502085070892,0.0,0.0,0.8427,59.09090909090909,85.64285714285714,0.0750625521267723,17.91483113069016,62.77533039647577,74.22907488986783,19.162995594713664,48.392070484581495,1
23277919,Kerim Çalhanoğlu,Vukovar,Defender,23.0,1350.0,6.73,0.0666666666666666,0.1333333333333333,0.8,0.2666666666666666,32.13333333333333,2.2,1.2666666666666666,0.1333333333333333,33.333333333333336,8.333333333333334,0.6701,49.24242424242424,61.36363636363637,0.2,56.97503671071953,42.290748898678416,67.84140969162995,63.43612334801762,56.475770925110126,3
37648988,Robin González,Vukovar,Midfielder,27.0,2946.0,6.91,0.2138492871690427,0.1527494908350305,1.5580448065173116,0.5804480651731161,26.85336048879837,1.5580448065173116,0.4276985743380855,0.1832993890020366,37.25490196078432,13.72549019607843,0.8248000000000001,50.60827250608273,84.17142857142858,0.3665987780040733,79.29515418502203,57.41556534508076,41.85022026431718,48.89867841409692,58.45814977973568,3
183566,Jakov Biljan,Vukovar,Midfielder,30.0,581.0,6.52,0.0,0.0,0.6196213425129088,0.0,22.15146299483649,1.549053356282272,1.2392426850258176,0.4647160068846815,0.0,0.0,0.8112,54.3859649122807,41.5,0.0,17.91483113069016,32.23201174743025,64.75770925110133,4.845814977973575,34.95594713656388,1
37583387,Lovro Banovec,Vukovar,Attacker,24.0,2394.0,6.75,0.150375939849624,0.18796992481203,1.2781954887218046,0.3383458646616541,22.25563909774436,2.218045112781955,0.9022556390977444,0.18796992481203,26.47058823529412,11.764705882352942,0.6840999999999999,42.60204081632653,77.2258064516129,0.3383458646616541,68.94273127753303,37.00440528634361,51.24816446402349,47.136563876651984,51.87224669603523,3
21404328,Antonio Đaković,Vukovar,Goalkeeper,25.0,540.0,7.05,0.0,0.0,0.0,0.0,20.5,0.1666666666666666,0.0,0.0,0.0,0.0,0.6585,66.66666666666667,90.0,0.0,17.91483113069016,12.848751835535976,34.287812041116005,93.17180616740087,28.83259911894273,2
37542102,Marino Bulat,Vukovar,Goalkeeper,27.0,1890.0,6.77,0.0,0.0,0.0,0.0,23.714285714285715,0.0,0.0,0.0952380952380952,0.0,0.0,0.51,75.0,90.0,0.0,17.91483113069016,13.289280469897207,33.480176211453745,73.568281938326,26.76211453744493,2
73481,Jakov Puljic,Vukovar,Attacker,32.0,2743.0,7.04,0.5249726576740795,0.0,2.4936201239518776,1.017134524243529,21.359825009114108,0.6562158220925993,0.3609187021509296,0.2296755377324097,40.78947368421053,21.05263157894737,0.6728000000000001,42.73972602739726,88.48387096774194,0.5249726576740795,94.7136563876652,14.390602055800294,16.44640234948605,36.12334801762115,41.27753303964758,0
75498,Mario Tadic,Vukovar,Defender,33.0,1509.0,6.67,0.0596421471172962,0.0,0.8946322067594433,0.536779324055666,51.709741550695824,0.9542743538767396,1.848906560636183,0.4771371769383697,60.0,6.666666666666667,0.7797,58.15602836879432,68.5909090909091,0.0596421471172962,59.61820851688693,51.3215859030837,66.96035242290749,3.964757709251103,53.76651982378854,1
37316939,Nikita Vlasenko,Vukovar,Defender,25.0,674.0,6.46,0.0,0.0,0.1335311572700296,0.0,38.45697329376855,0.8011869436201781,2.2700296735905043,0.0,0.0,0.0,0.7986,60.71428571428572,84.25,0.0,17.91483113069016,45.74155653450807,66.37298091042585,93.17180616740087,48.32599118942731,1
62691,Mario Tičinović,Vukovar,Defender,34.0,1737.0,6.65,0.0,0.155440414507772,0.4145077720207253,0.2072538860103626,30.77720207253886,1.3471502590673574,1.0362694300518134,0.155440414507772,50.0,0.0,0.7508,46.93877551020408,72.375,0.155440414507772,30.837004405286347,50.22026431718061,47.136563876651984,55.947136563876654,44.05286343612335,3
23696786,Denis Pintol,Vukovar,Goalkeeper,26.0,720.0,6.71,0.0,0.0,0.0,0.0,28.5,0.125,0.0,0.0,0.0,0.0,0.6446999999999999,83.33333333333333,90.0,0.0,17.91483113069016,19.60352422907489,35.4625550660793,93.17180616740087,31.21145374449339,2
133342,Lamine Ba,Varaždin,Defender,28.0,1311.0,6.83,0.0,0.0,0.3432494279176201,0.205949656750572,44.48512585812357,1.3043478260869563,1.5102974828375286,0.2745995423340961,60.0,0.0,0.8534,50.98039215686274,87.4,0.0,30.69016152716593,59.39794419970631,61.30690161527165,26.872246696035237,48.10572687224669,1
9636175,Vane Jovanov,Varaždin,Defender,27.0,839.0,6.58,0.0,0.0,0.3218116805721097,0.0,23.706793802145413,2.1454112038140645,0.4290822407628128,0.2145411203814064,0.0,0.0,0.6742,54.255319148936174,69.91666666666667,0.0,17.91483113069016,16.372980910425845,55.947136563876654,40.96916299559471,31.167400881057265,1
84515,Gregor Sikosek,Varaždin,Defender,32.0,562.0,6.81,0.0,0.1601423487544484,0.800711743772242,0.1601423487544484,32.188612099644125,2.5622775800711746,1.2811387900355873,0.3202846975088968,20.0,0.0,0.7015,56.66666666666666,51.09090909090909,0.1601423487544484,27.459618208516886,46.25550660792951,81.05726872246696,16.74008810572687,48.10572687224669,1
37582792,Luka Mamic,Varaždin,Midfielder,23.0,2103.0,6.73,0.3423680456490727,0.042796005706134,2.310984308131241,1.0271041369472182,27.81740370898716,0.9843081312410842,0.2995720399429387,0.0855920114122681,44.44444444444444,14.814814814814817,0.7662,40.234375,70.1,0.3851640513552068,88.98678414096916,37.29809104258444,17.91483113069016,77.97356828193833,51.05726872246696,0
37724445,Sven Lesjak,Varaždin,Defender,19.0,729.0,6.86,0.1234567901234567,0.0,0.2469135802469135,0.1234567901234567,40.49382716049383,1.728395061728395,1.1111111111111112,0.1234567901234567,50.0,50.0,0.7866,50.0,66.27272727272727,0.1234567901234567,66.96035242290749,45.15418502202643,59.544787077826726,66.96035242290749,58.19383259911894,3
73640,Oliver Zelenika,Varaždin,Goalkeeper,33.0,2880.0,6.92,0.0,0.0,0.0,0.0,24.1875,0.0,0.0,0.0625,0.0,0.0,0.6576000000000001,84.61538461538461,90.0,0.0,17.91483113069016,15.491923641703377,33.84728340675477,83.25991189427313,28.50220264317181,2
37551107,Leon Belcar,Varaždin,Midfielder,24.0,1163.0,6.73,0.0773860705073086,0.0773860705073086,1.5477214101461736,0.3869303525365434,35.98452278589854,2.0120378331900257,1.3929492691315564,0.3869303525365434,25.0,5.0,0.8237000000000001,46.76258992805755,72.6875,0.1547721410146173,56.75477239353891,59.98531571218797,63.36270190895741,8.149779735682813,54.84581497797357,1
1525043,Matej Vuk,Varaždin,Attacker,26.0,1699.0,6.85,0.1589170100058858,0.0529723366686286,1.6421424367274868,0.3708063566804002,25.05591524426133,1.6421424367274868,0.8475573866980577,0.2118893466745144,22.580645161290324,9.67741935483871,0.7252,61.320754716981135,58.58620689655172,0.2118893466745144,68.20851688693098,30.102790014684288,65.34508076358297,41.40969162995594,53.23788546255506,3
7346393,Aleksa Latkovic,Varaždin,Midfielder,25.0,2492.0,7.09,0.2889245585874799,0.2166934189406099,2.2752808988764044,0.9028892455858748,23.9446227929374,1.4085072231139646,0.2889245585874799,0.2166934189406099,39.68253968253968,12.698412698412698,0.8069,46.18181818181818,71.2,0.5056179775280899,84.28781204111601,55.947136563876654,30.83700440528634,40.528634361233486,55.37444933920704,0
13239047,Mario Mladenovski,Varaždin,Defender,25.0,1399.0,6.58,0.0,0.0643316654753395,0.5789849892780558,0.128663330950679,44.77483917083631,1.6082916368834883,1.6082916368834883,0.3859899928520371,22.22222222222222,0.0,0.7959999999999999,47.82608695652174,63.59090909090909,0.0643316654753395,25.403817914831134,60.05873715124816,61.38032305433186,9.251101321585908,44.97797356828194,1
74274,Mario Marina,Varaždin,Midfielder,36.0,1572.0,6.75,0.0572519083969465,0.0,0.6870229007633588,0.1145038167938931,32.97709923664122,3.435114503816794,1.3740458015267176,0.1145038167938931,16.666666666666668,8.333333333333334,0.7674,58.60215053763441,56.142857142857146,0.0572519083969465,47.136563876651984,35.75624082232012,87.66519823788546,68.72246696035242,58.0396475770925,1
37633274,Ivan Canjuga,Varaždin,Attacker,20.0,800.0,6.8,0.0,0.3375,1.125,0.225,25.3125,2.1375,0.7875,0.3375,20.0,0.0,0.8356,49.54128440366973,47.05882352941177,0.3375,31.93832599118943,64.24375917767988,56.314243759177685,14.317180616740089,47.180616740088105,3
75000,Antonio Borsic,Varaždin,Defender,30.0,2330.0,6.64,0.0772532188841201,0.03862660944206,0.5407725321888412,0.1931330472103004,40.67381974248927,1.5064377682403434,0.7339055793991416,0.1545064377682403,35.714285714285715,14.285714285714286,0.7816,50.264550264550266,77.66666666666667,0.1158798283261802,60.57268722466961,51.98237885462555,47.43024963289281,56.38766519823788,53.63436123348018,1
37414398,Iuri Tavares,Varaždin,Attacker,25.0,2065.0,6.94,0.261501210653753,0.0871670702179176,1.612590799031477,0.5230024213075061,24.84261501210654,1.961259079903148,0.4794188861985472,0.1307506053268765,32.432432432432435,16.216216216216218,0.7404000000000001,55.42857142857143,66.61290322580645,0.3486682808716707,80.98384728340676,35.82966226138032,55.65345080763583,64.31718061674009,58.17180616740088,3
37533537,Novak Tepsic,Varaždin,Defender,24.0,1126.0,6.76,0.0,0.0799289520426287,0.3197158081705151,0.0799289520426287,39.48490230905861,2.797513321492007,0.5595026642984015,0.1598579040852575,25.0,0.0,0.8077,62.280701754385966,51.18181818181818,0.0799289520426287,22.76064610866373,59.91189427312776,72.2466960352423,54.18502202643172,51.89427312775331,1
74322,Frane Maglica,Varaždin,Defender,29.0,1955.0,6.83,0.0,0.2762148337595907,0.1841432225063938,0.0920716112531969,33.514066496163686,2.347826086956522,0.8286445012787724,0.0920716112531969,50.0,0.0,0.75,51.44230769230769,81.45833333333333,0.2762148337595907,23.6417033773862,59.10425844346549,63.21585903083701,74.88986784140968,51.27753303964757,3
24838179,Luka Skaricic,Varaždin,Defender,24.0,1678.0,6.92,0.1609058402860548,0.0,0.6436233611442194,0.2145411203814064,47.25268176400477,1.6090584028605484,1.4481525625744935,0.268176400476758,33.333333333333336,25.0,0.8365,61.11111111111112,72.95652173913044,0.1609058402860548,74.52276064610867,58.07635829662262,76.79882525697504,29.07488986784142,65.72687224669603,1
74125,Mateo Barac,Varaždin,Defender,31.0,584.0,6.62,0.1541095890410959,0.0,0.7705479452054794,0.4623287671232877,37.14041095890411,1.6952054794520548,0.9246575342465754,0.0,60.0,20.0,0.7759,48.57142857142857,58.4,0.1541095890410959,78.70778267254038,40.89574155653451,52.34948604992658,93.17180616740087,60.903083700440526,3
74193,Ivan Mamut,Varaždin,Attacker,29.0,1569.0,7.01,0.5162523900573613,0.2294455066921606,3.0975143403441683,1.2619502868068833,18.98661567877629,0.401529636711281,0.2294455066921606,0.4588910133843212,40.74074074074074,16.666666666666668,0.7311,43.70860927152318,62.76,0.7456978967495219,93.97944199706316,41.85022026431718,15.418502202643174,5.286343612334804,45.90308370044053,0
32786881,Tomislav Duvnjak,Varaždin,Midfielder,23.0,2600.0,6.8,0.0346153846153846,0.0692307692307692,0.8653846153846154,0.2769230769230769,42.43846153846154,2.423076923076923,1.1423076923076922,0.2769230769230769,32.0,4.0,0.8165,51.89003436426117,76.47058823529412,0.1038461538461538,49.486049926578566,62.70190895741556,71.36563876651982,25.330396475770925,57.59911894273127,1
47380,David Puclin,Varaždin,Midfielder,34.0,758.0,6.64,0.1187335092348284,0.0,1.187335092348285,0.4749340369393139,34.07651715039578,3.799472295514512,1.0686015831134563,0.0,40.0,10.0,0.7595999999999999,55.35714285714285,34.45454545454545,0.1187335092348284,68.86930983847283,36.27019089574156,79.14831130690162,93.17180616740087,64.60352422907489,3
34398,Roberto Puncec,Varaždin,Defender,34.0,1332.0,6.72,0.0,0.0,0.0,0.0,34.32432432432432,1.351351351351351,1.4864864864864864,0.4054054054054054,0.0,0.0,0.8622,53.398058252427184,66.6,0.0,17.91483113069016,53.08370044052864,65.27165932452276,7.048458149779734,41.58590308370044,1
37560492,Ivan Cvijanovic,Osijek,Defender,22.0,591.0,6.66,0.0,0.1522842639593908,0.7614213197969543,0.0,51.6243654822335,1.6751269035532994,0.9137055837563453,0.1522842639593908,0.0,0.0,0.8053,67.3076923076923,59.1,0.1522842639593908,17.91483113069016,73.7151248164464,69.01615271659324,57.26872246696036,53.92070484581497,1
24837955,Styopa Mkrtchyan,Osijek,Defender,23.0,1167.0,6.77,0.0,0.0771208226221079,0.2313624678663239,0.0,50.66838046272493,1.3110539845758356,0.7712082262210797,0.2313624678663239,0.0,0.0,0.8371,55.11811023622048,68.6470588235294,0.0771208226221079,17.91483113069016,71.65932452276064,51.54185022026432,34.80176211453745,45.81497797356828,1
530693,Hrvoje Babec,Osijek,Midfielder,26.0,1095.0,6.82,0.0821917808219178,0.0821917808219178,0.9863013698630136,0.2465753424657534,56.54794520547945,1.726027397260274,1.0684931506849316,0.1643835616438356,25.0,8.333333333333334,0.8284999999999999,48.648648648648646,73.0,0.1643835616438356,58.14977973568282,73.7151248164464,56.38766519823789,52.863436123348016,61.76211453744493,1
460601,Vladan Bubanja,Osijek,Midfielder,27.0,1256.0,6.81,0.143312101910828,0.0,1.2181528662420382,0.4299363057324841,36.40127388535032,2.7945859872611467,1.7197452229299364,0.286624203821656,35.294117647058826,11.764705882352942,0.7264,47.59615384615385,73.88235294117646,0.143312101910828,70.41116005873715,33.70044052863437,75.91776798825258,23.34801762114537,56.34361233480176,1
37581526,Domagoj Bukvic,Osijek,Attacker,22.0,1923.0,6.75,0.0,0.0,1.825273010920437,0.4680187207488299,28.73634945397816,2.854914196567863,1.076443057722309,0.093603744149766,25.64102564102564,0.0,0.7785,46.3768115942029,56.55882352941177,0.0,37.88546255506608,33.113069016152714,65.34508076358297,74.00881057268722,48.30396475770925,3
37325018,Emin Hasic,Osijek,Defender,23.0,1336.0,6.64,0.0,0.0673652694610778,0.1347305389221557,0.0673652694610778,54.49850299401198,1.279940119760479,1.1452095808383234,0.3368263473053892,50.0,0.0,0.8986,51.35135135135136,66.8,0.0673652694610778,22.17327459618209,79.73568281938327,54.77239353891336,14.97797356828194,48.502202643171806,1
23707307,Luka Jelenic,Osijek,Defender,26.0,2363.0,6.79,0.1142615319509098,0.0,0.4189589504866695,0.2666102412187897,46.80914092255608,0.9902666102412188,1.4092255607278883,0.1904358865848497,63.63636363636363,27.27272727272728,0.8975,57.77777777777778,84.39285714285714,0.1142615319509098,74.15565345080763,65.71218795888399,63.58296622613803,44.49339207048458,65.48458149779735,1
22493418,Nikola Curcija,Osijek,Goalkeeper,25.0,450.0,6.64,0.0,0.0,0.0,0.0,27.0,0.0,0.0,0.0,0.0,0.0,0.6296,100.0,90.0,0.0,17.91483113069016,17.400881057268723,34.87518355359765,93.17180616740087,30.374449339207047,2
37777176,Miloš Jovičić,Osijek,Attacker,20.0,471.0,6.65,0.1910828025477707,0.0,1.7197452229299364,1.3375796178343948,25.414012738853504,1.910828025477707,1.1464968152866242,0.0,77.77777777777777,11.11111111111111,0.6466,39.62264150943396,42.81818181818182,0.1910828025477707,82.8193832599119,16.519823788546258,49.19236417033775,93.17180616740087,53.87665198237886,0
37571660,Simun Mikolcic,Osijek,Midfielder,22.0,1208.0,6.73,0.2235099337748344,0.1490066225165563,1.7135761589403973,0.3725165562913907,30.99337748344371,0.968543046357616,0.968543046357616,0.2980132450331126,21.73913043478261,13.043478260869565,0.7837000000000001,48.14814814814815,44.74074074074074,0.3725165562913907,74.44933920704847,55.21292217327459,41.18942731277533,20.264317180616743,53.28193832599119,3
37632412,Samuel Akere,Osijek,Attacker,22.0,980.0,6.8,0.2755102040816326,0.0,2.295918367346939,0.826530612244898,18.367346938775512,2.204081632653061,0.7346938775510204,0.1836734693877551,36.0,12.0,0.805,52.11267605633803,54.44444444444444,0.2755102040816326,81.27753303964757,28.41409691629956,60.4992657856094,48.458149779735685,55.90308370044052,3
5270348,Jon Mersinaj,Osijek,Defender,27.0,900.0,6.6,0.0,0.0,0.1,0.0,49.1,1.6,1.2,0.3,0.0,0.0,0.8634999999999999,61.36363636363637,50.0,0.0,17.91483113069016,63.80323054331865,72.32011747430249,19.8237885462555,48.19383259911893,1
73710,Marko Malenica,Osijek,Goalkeeper,32.0,2700.0,6.92,0.0,0.0,0.0,0.0,27.83333333333333,0.0333333333333333,0.0,0.0,0.0,0.0,0.7018000000000001,91.66666666666669,90.0,0.0,17.91483113069016,22.540381791483117,35.02202643171806,93.17180616740087,31.96035242290749,2
28932717,Renan Guedes,Osijek,Defender,28.0,1553.0,6.65,0.0,0.0,0.463618802318094,0.0579523502897617,34.77141017385705,2.2601416613007084,1.1010946555054733,0.1738570508692852,12.5,0.0,0.775,54.123711340206185,70.5909090909091,0.0,21.732745961820854,38.61967694566814,72.54038179148311,50.66079295154185,44.93392070484582,1
9939069,Stanislav Shopov,Osijek,Midfielder,24.0,691.0,6.67,0.0,0.130246020260492,2.083936324167873,0.6512301013024602,32.821997105643995,2.083936324167873,0.5209840810419681,0.3907380607814761,31.25,0.0,0.7302,37.735849056603776,53.15384615384615,0.130246020260492,41.70337738619677,47.57709251101321,35.97650513950074,7.488986784140977,38.32599118942731,3
23287457,Yannick Toure,Osijek,Attacker,25.0,495.0,6.6,0.0,0.1818181818181818,1.4545454545454546,0.5454545454545454,15.090909090909092,0.7272727272727273,0.1818181818181818,0.0,37.5,0.0,0.747,38.70967741935484,45.0,0.1818181818181818,39.79441997063143,38.1791483113069,10.27900146842878,93.17180616740087,35.79295154185022,3
37528365,Nail Omerovic,Osijek,Attacker,23.0,2694.0,6.91,0.3006681514476614,0.0334075723830735,2.8730512249443207,0.9020044543429844,33.04008908685969,1.7371937639198218,0.4342984409799554,0.1670378619153674,31.3953488372093,10.465116279069768,0.7907,42.98642533936651,76.97142857142858,0.3340757238307349,81.49779735682819,46.98972099853157,33.920704845814974,52.42290748898679,53.9647577092511,0
784369,Tonio Teklic,Osijek,Midfielder,26.0,829.0,6.79,0.0,0.0,1.95416164053076,0.6513872135102533,31.483715319662245,1.6284680337756332,0.7599517490952955,0.1085645355850422,33.333333333333336,0.0,0.7241,48.958333333333336,63.76923076923077,0.0,41.85022026431718,28.12041116005874,47.72393538913363,70.48458149779735,42.3568281938326,3
21054111,David Colina,Osijek,Defender,25.0,1951.0,6.69,0.0,0.1383905689390056,0.5074320861096874,0.0922603792926704,32.245002562788315,1.9835981547924144,1.0609943618657098,0.0922603792926704,18.181818181818183,0.0,0.774,44.34782608695652,67.27586206896552,0.1383905689390056,23.788546255506606,53.450807635829655,53.45080763582967,74.44933920704847,46.65198237885463,1
37754863,Ivano Kolarik,Osijek,Defender,19.0,450.0,6.76,0.0,0.0,0.8,0.2,46.4,2.0,1.2,0.6,25.0,0.0,0.8405,46.80851063829788,56.25,0.0,30.39647577092511,58.44346549192364,60.13215859030837,2.2026431718061588,44.91189427312775,1
73932,Fran Karacic,Osijek,Defender,30.0,908.0,6.71,0.0991189427312775,0.0991189427312775,0.6938325991189427,0.198237885462555,29.834801762114537,2.0814977973568283,1.1894273127753303,0.0991189427312775,28.571428571428573,14.285714285714286,0.7409,50.0,82.54545454545455,0.198237885462555,63.950073421439065,42.51101321585903,65.8590308370044,72.46696035242292,58.94273127753304,3
37567341,David Mejía,Osijek,Midfielder,23.0,743.0,6.94,0.1211305518169582,0.1211305518169582,1.695827725437416,0.2422611036339165,40.21534320323015,2.543741588156124,1.2113055181695829,0.847913862718708,14.285714285714286,7.142857142857143,0.8464,47.91666666666666,67.54545454545455,0.2422611036339165,59.177679882525695,71.29221732745962,67.32745961820852,0.2202643171806215,59.36123348017621,1
496680,Arnel Jakupovic,Osijek,Attacker,28.0,2179.0,6.87,0.1239100504818724,0.0413033501606241,2.602111060119321,0.7021569527306104,20.15603487838458,0.8260670032124828,0.2065167508031207,0.1239100504818724,26.984126984126984,4.761904761904762,0.7315999999999999,43.42629482071713,72.63333333333334,0.1652134006424965,66.96035242290749,26.138032305433185,16.29955947136564,66.51982378854626,39.47136563876652,3
537274,Oleksandr Petrusenko,Osijek,Midfielder,28.0,1484.0,6.71,0.0,0.0,0.4851752021563342,0.1819407008086253,45.4245283018868,3.032345013477089,1.4555256064690028,0.2425876010781671,37.5,0.0,0.8892,50.0,61.833333333333336,0.0,28.928046989721,64.3906020558003,78.63436123348018,33.92070484581498,54.97797356828194,1
37600592,Luka Vrbancic,Osijek,Midfielder,21.0,1033.0,6.72,0.0,0.0,1.132623426911907,0.0871248789932236,49.66118102613746,3.0493707647628265,0.6969990319457889,0.2613746369796708,7.6923076923076925,0.0,0.8088,51.57232704402516,57.388888888888886,0.0,23.34801762114537,55.2863436123348,64.90455212922173,30.61674008810573,46.12334801762114,1
34481476,Roko Jurisic,Osijek,Defender,24.0,1229.0,6.77,0.0,0.146460537021969,0.5126118795768918,0.2196908055329536,49.7233523189585,1.903986981285598,0.8787632221318145,0.2196908055329536,42.85714285714285,0.0,0.8468000000000001,60.90909090909091,64.6842105263158,0.146460537021969,31.71806167400881,80.39647577092511,68.72246696035242,39.64757709251101,58.21585903083701,1
37688968,Anton Matkovic,Osijek,Attacker,20.0,996.0,6.65,0.0903614457831325,0.0903614457831325,1.2650602409638554,0.5421686746987951,13.644578313253012,0.993975903614458,0.2710843373493976,0.0903614457831325,42.85714285714285,7.142857142857143,0.6424,44.966442953020135,58.588235294117645,0.180722891566265,63.43612334801762,22.466960352422905,23.201174743024964,75.33039647577093,40.264317180616736,3
73552,Borna Barisic,Osijek,Defender,33.0,621.0,6.78,0.0,0.0,0.2898550724637681,0.144927536231884,43.6231884057971,0.8695652173913043,1.0144927536231885,0.4347826086956521,50.0,0.0,0.9003,53.65853658536585,62.1,0.0,26.431718061674008,63.50954478707783,48.01762114537445,5.726872246696033,41.96035242290749,1
37596447,Filip Cuic,Gorica,Attacker,23.0,1635.0,6.83,0.2201834862385321,0.055045871559633,2.697247706422018,0.9908256880733946,21.79816513761468,0.9357798165137616,0.2201834862385321,0.2201834862385321,36.734693877551024,8.16326530612245,0.6717,40.33613445378151,74.31818181818181,0.2752293577981651,76.65198237885464,23.201174743024964,15.565345080763583,38.32599118942731,38.458149779735685,0
37529453,Elvir Durakovic,Gorica,Defender,26.0,712.0,6.58,0.0,0.0,1.5168539325842696,0.5056179775280899,24.775280898876403,2.7808988764044944,1.7696629213483146,0.2528089887640449,33.333333333333336,0.0,0.7041,53.7037037037037,47.46666666666667,0.0,38.76651982378855,19.162995594713653,85.31571218795888,31.71806167400881,46.14537444933921,1
21072870,Jurica Prsir,Gorica,Midfielder,26.0,2601.0,6.94,0.2422145328719723,0.1038062283737024,1.972318339100346,0.657439446366782,31.038062283737023,2.1453287197231834,0.5536332179930796,0.2768166089965398,33.333333333333336,12.280701754385966,0.8216,47.506561679790025,78.81818181818181,0.3460207612456747,79.29515418502203,58.29662261380323,48.458149779735685,25.991189427312776,58.41409691629956,3
5968017,Zan Trontelj,Gorica,Defender,26.0,2960.0,6.93,0.0912162162162162,0.1216216216216216,0.3648648648648648,0.2128378378378378,34.3277027027027,2.0371621621621623,0.6993243243243243,0.1216216216216216,58.333333333333336,25.0,0.752,45.833333333333336,89.6969696969697,0.2128378378378378,69.53010279001468,52.42290748898679,47.57709251101321,67.40088105726872,57.59911894273128,3
12393223,Mateo Les,Gorica,Defender,26.0,1639.0,6.54,0.0,0.0,0.109823062843197,0.0,50.24405125076266,1.317876754118365,0.7687614399023796,0.2196461256863941,0.0,0.0,0.9104,51.16279069767442,71.26086956521739,0.0,17.91483113069016,68.50220264317181,46.69603524229075,40.08810572687225,43.94273127753304,1
75072,Marijan Cabraja,Gorica,Defender,29.0,2661.0,7.06,0.0338218714768883,0.1352874859075535,0.7440811724915445,0.1691093573844419,50.90191657271702,1.927846674182638,1.1499436302142052,0.2705749718151071,22.727272727272727,4.545454545454546,0.8047,53.61216730038023,85.83870967741936,0.1691093573844419,43.61233480176211,72.39353891336269,68.13509544787077,28.19383259911893,58.06167400881056,1
73914,Ivan Fiolic,Gorica,Midfielder,30.0,637.0,6.53,0.0,0.0,2.260596546310832,0.565149136577708,39.41915227629514,1.271585557299843,0.282574568288854,0.141287284144427,25.0,0.0,0.7348,43.18181818181818,28.954545454545453,0.0,40.08810572687225,36.19676945668135,23.715124816446405,60.352422907488986,36.0352422907489,3
412433,Bruno Bogojevic,Gorica,Attacker,28.0,1255.0,6.89,0.2868525896414343,0.2151394422310757,1.649402390438247,1.00398406374502,17.139442231075698,0.9322709163346612,0.7888446215139442,0.1434262948207171,60.869565217391305,17.391304347826086,0.7071,42.62295081967213,78.4375,0.50199203187251,88.47283406754774,37.81204111600587,28.8546255506608,59.2511013215859,52.46696035242292,0
16120385,Davor Matijas,Gorica,Goalkeeper,26.0,3240.0,6.81,0.0,0.0,0.0,0.0,28.61111111111111,0.0277777777777777,0.0555555555555555,0.0833333333333333,0.0,0.0,0.6728000000000001,73.91304347826087,90.0,0.0,17.91483113069016,21.73274596182085,35.38913362701909,78.85462555066078,30.396475770925107,2
37660075,Ante Kavelj,Gorica,Midfielder,20.0,3106.0,6.87,0.0869285254346426,0.0579523502897617,0.6954282034771411,0.2897617514488088,28.4835801674179,1.9414037347070188,1.4198325820991629,0.0869285254346426,41.66666666666666,12.5,0.765,56.61538461538461,86.27777777777777,0.1448808757244044,64.68428781204112,39.35389133627019,76.06461086637297,77.53303964757708,61.78414096916299,1
37745418,Luka Vrzic,Gorica,Attacker,19.0,1209.0,6.65,0.0744416873449131,0.0,2.009925558312655,0.5955334987593052,29.032258064516128,2.1588089330024816,0.8188585607940446,0.1488833746898263,29.62962962962963,3.703703703703704,0.759,44.11764705882353,41.689655172413794,0.0744416873449131,59.91189427312776,30.61674008810573,50.51395007342144,57.709251101321584,48.08370044052864,3
74082,Jakov Filipovic,Gorica,Defender,33.0,3027.0,6.8,0.0594648166501486,0.0,0.4459861248761149,0.2081268582755203,40.85232903865213,0.981169474727453,1.3082259663032705,0.0891972249752229,46.66666666666666,13.333333333333334,0.8588,64.31718061674009,89.02941176470588,0.0594648166501486,59.76505139500736,57.929515418502206,66.07929515418503,76.2114537444934,62.75330396475772,1
37356247,Ognjen Bakic,Gorica,Midfielder,23.0,1110.0,6.64,0.081081081081081,0.081081081081081,1.2162162162162162,0.4864864864864865,27.72972972972973,1.945945945945946,1.054054054054054,0.4864864864864865,40.0,6.666666666666667,0.7953,42.74193548387097,46.25,0.1621621621621621,60.79295154185022,46.98972099853157,50.66079295154184,3.083700440528631,47.84140969162996,3
37738667,Sule Wisdom Aondowase,Gorica,Attacker,22.0,483.0,6.54,0.0,0.186335403726708,2.422360248447205,0.186335403726708,13.229813664596271,0.7453416149068323,0.0,0.3726708074534161,7.6923076923076925,0.0,0.6479,39.24050632911393,37.15384615384615,0.186335403726708,29.07488986784141,29.955947136563875,8.443465491923641,9.691629955947135,21.21145374449339,3
73733,Domagoj Pavicic,Gorica,Midfielder,32.0,1933.0,6.77,0.1396792550439731,0.0931195033626487,1.3036730470770823,0.512157268494568,32.31246766683911,1.2105535437144337,0.512157268494568,0.1862390067252974,39.285714285714285,10.714285714285714,0.8415,49.26829268292683,60.40625,0.2327987584066218,71.21879588839941,61.08663729809104,35.68281938325992,48.01762114537445,55.19823788546256,3
37742,Stefan Peric,Gorica,Defender,29.0,2359.0,6.74,0.0,0.0,0.1144552776600254,0.0763035184400169,43.98897838066978,1.4879186095803307,0.7630351844001696,0.2289105553200508,66.66666666666667,0.0,0.8351999999999999,60.1063829787234,81.34482758620689,0.0,22.466960352422905,55.2863436123348,58.73715124816446,37.00440528634361,44.64757709251101,1
540670,Iker Pozo,Gorica,Midfielder,25.0,2716.0,7.12,0.1325478645066274,0.198821796759941,0.4970544918998527,0.2319587628865979,43.144329896907216,2.617820324005891,1.557437407952872,0.3645066273932253,46.66666666666666,26.666666666666668,0.8717,57.2192513368984,84.875,0.3313696612665684,74.44933920704847,83.40675477239354,86.63729809104258,10.572687224669608,74.40528634361233,1
73159,Ante Erceg,Gorica,Attacker,36.0,1035.0,6.85,0.5217391304347826,0.0,3.130434782608696,1.2173913043478262,30.26086956521739,1.1304347826086956,0.1739130434782608,0.2608695652173913,38.888888888888886,16.666666666666668,0.7787000000000001,39.16083916083916,51.75,0.5217391304347826,93.68575624082231,34.87518355359765,16.740088105726873,31.27753303964758,46.718061674008815,0
